,Date,Open,High,Low,Close,Vol.,Change %,tr1,tr2,tr3,tr,atr
0,2020-01-02,170.54,171.42,170.19,171.26,509.18K,0.45%,1.2299999999999898,,,1.2299999999999898,
1,2020-01-03,171.1,172.38,171.1,172.12,528.22K,0.50%,1.2800000000000011,1.1200000000000045,0.1599999999999966,1.2800000000000011,
2,2020-01-06,172.45,172.6,172.07,172.24,496.41K,0.07%,0.5300000000000011,0.47999999999998977,0.05000000000001137,0.5300000000000011,
3,2020-01-07,172.21,172.31,171.91,172.12,582.59K,-0.07%,0.4000000000000057,0.06999999999999318,0.3300000000000125,0.4000000000000057,
4,2020-01-08,172.5,173.22,171.26,171.78,825.68K,-0.20%,1.960000000000008,1.0999999999999943,0.8600000000000136,1.960000000000008,
5,2020-01-09,171.31,171.51,171.01,171.14,732.94K,-0.37%,0.5,0.27000000000001023,0.7700000000000102,0.7700000000000102,
6,2020-01-10,171.31,171.43,170.85,171.35,555.74K,0.12%,0.5800000000000125,0.29000000000002046,0.28999999999999204,0.5800000000000125,
7,2020-01-13,171.36,171.43,170.71,170.76,611.44K,-0.34%,0.7199999999999989,0.0800000000000125,0.6399999999999864,0.7199999999999989,
8,2020-01-14,170.74,171.08,170.65,171.01,694.22K,0.15%,0.4300000000000068,0.3200000000000216,0.10999999999998522,0.4300000000000068,
9,2020-01-15,171.05,171.72,171.01,171.46,672.85K,0.26%,0.710000000000008,0.710000000000008,0.0,0.710000000000008,
10,2020-01-16,171.62,171.8,171.35,171.72,637.67K,0.15%,0.45000000000001705,0.3400000000000034,0.11000000000001364,0.45000000000001705,
11,2020-01-17,171.66,171.82,171.46,171.61,484.60K,-0.06%,0.3599999999999852,0.09999999999999432,0.2599999999999909,0.3599999999999852,
12,2020-01-20,171.76,171.76,171.52,171.67,233.91K,0.03%,0.23999999999998067,0.14999999999997726,0.09000000000000341,0.23999999999998067,
13,2020-01-21,171.75,172.27,171.55,172.21,752.51K,0.31%,0.7199999999999989,0.6000000000000227,0.11999999999997613,0.7199999999999989,0.05295918367346951
14,2020-01-22,172.04,172.5,171.91,172.33,584.94K,0.07%,0.5900000000000034,0.28999999999999204,0.30000000000001137,0.5900000000000034,0.0496938775510206
15,2020-01-23,172.41,173.09,172.35,173.03,765.00K,0.41%,0.7400000000000091,0.7599999999999909,0.01999999999998181,0.7599999999999909,0.047040816326530746
16,2020-01-24,172.82,173.54,172.6,173.28,812.60K,0.14%,0.9399999999999977,0.5099999999999909,0.4300000000000068,0.9399999999999977,0.049132653061224614
17,2020-01-27,173.75,174.27,173.41,174.23,892.31K,0.55%,0.8600000000000136,0.9900000000000091,0.12999999999999545,0.9900000000000091,0.05214285714285728
18,2020-01-28,174.11,174.48,173.48,173.68,885.02K,-0.32%,1.0,0.25,0.75,1.0,0.047244897959183775
19,2020-01-29,173.66,174.28,173.41,174.06,628.56K,0.22%,0.8700000000000045,0.5999999999999943,0.27000000000001023,0.8700000000000045,0.0477551020408164
20,2020-01-30,174.23,174.65,174.23,174.57,761.98K,0.29%,0.4200000000000159,0.5900000000000034,0.1699999999999875,0.5900000000000034,0.04780612244897962
21,2020-01-31,174.29,175.3,174.16,175.04,763.63K,0.27%,1.1400000000000148,0.7300000000000182,0.4099999999999966,1.1400000000000148,0.04994897959183684
22,2020-02-03,175.1,175.14,174.62,174.88,692.50K,-0.09%,0.5199999999999818,0.09999999999999432,0.4199999999999875,0.5199999999999818,0.0504081632653061
23,2020-02-04,175.06,175.07,174.25,174.53,837.83K,-0.20%,0.8199999999999932,0.18999999999999773,0.6299999999999955,0.8199999999999932,0.050969387755101944
24,2020-02-05,174.33,174.63,173.65,173.92,947.84K,-0.35%,0.9799999999999898,0.09999999999999432,0.8799999999999955,0.9799999999999898,0.053673469387754864
25,2020-02-06,173.71,173.96,173.42,173.82,762.86K,-0.06%,0.5400000000000205,0.040000000000020464,0.5,0.5400000000000205,0.05459183673469382
26,2020-02-07,173.87,174.42,173.84,174.18,725.07K,0.21%,0.5799999999999841,0.5999999999999943,0.020000000000010232,0.5999999999999943,0.05642857142857144
27,2020-02-10,174.33,174.69,174.01,174.57,500.71K,0.22%,0.6800000000000068,0.5099999999999909,0.17000000000001592,0.6800000000000068,0.056224489795918424
28,2020-02-11,174.48,174.55,174.13,174.26,766.47K,-0.18%,0.4200000000000159,0.01999999999998181,0.4399999999999977,0.4399999999999977,0.055459183673469414
29,2020-02-12,174.17,174.2,173.72,174.02,737.95K,-0.14%,0.47999999999998977,0.060000000000002274,0.539999999999992,0.539999999999992,0.05433673469387758
30,2020-02-13,174.16,174.64,174.05,174.27,879.84K,0.14%,0.589999999999975,0.6199999999999761,0.030000000000001137,0.6199999999999761,0.052704081632652985
31,2020-02-14,174.29,174.59,174.1,174.48,470.47K,0.12%,0.4900000000000091,0.3199999999999932,0.17000000000001592,0.4900000000000091,0.05015306122448971
32,2020-02-17,174.35,174.52,174.08,174.45,264.96K,-0.02%,0.4399999999999977,0.040000000000020464,0.39999999999997726,0.4399999999999977,0.04729591836734685
33,2020-02-18,174.51,174.92,174.29,174.53,761.81K,0.05%,0.6299999999999955,0.46999999999999886,0.1599999999999966,0.6299999999999955,0.04607142857142843
34,2020-02-19,174.41,174.74,174.28,174.66,635.29K,0.07%,0.46000000000000796,0.21000000000000796,0.25,0.46000000000000796,0.04540816326530601
35,2020-02-20,174.55,175.12,174.51,174.96,869.93K,0.17%,0.6100000000000136,0.46000000000000796,0.15000000000000568,0.6100000000000136,0.04270408163265294
36,2020-02-21,174.98,175.37,174.77,174.93,955.61K,-0.02%,0.5999999999999943,0.4099999999999966,0.18999999999999773,0.5999999999999943,0.043112244897959125
37,2020-02-24,175.39,175.86,175.13,175.58,1.26M,0.37%,0.7300000000000182,0.9300000000000068,0.19999999999998863,0.9300000000000068,0.04367346938775511
38,2020-02-25,175.37,176.21,175.21,176.02,1.13M,0.25%,1.0,0.6299999999999955,0.37000000000000455,1.0,0.0437755102040817
39,2020-02-26,175.88,176.3,175.38,175.83,1.41M,-0.11%,0.9200000000000159,0.28000000000000114,0.6400000000000148,0.9200000000000159,0.045714285714285756
40,2020-02-27,175.99,176.89,175.86,176.58,1.34M,0.43%,1.0299999999999727,1.0599999999999739,0.030000000000001137,1.0599999999999739,0.04806122448979585
41,2020-02-28,176.52,177.79,176.52,177.46,1.46M,0.50%,1.2699999999999818,1.2099999999999795,0.060000000000002274,1.2699999999999818,0.05107142857142838
42,2020-03-02,177.82,178.38,177.0,177.83,1.98M,0.21%,1.3799999999999955,0.9199999999999875,0.46000000000000796,1.3799999999999955,0.055867346938775306
43,2020-03-03,177.41,178.25,176.83,177.74,1.84M,-0.05%,1.4199999999999875,0.4199999999999875,1.0,1.4199999999999875,0.06035714285714263
44,2020-03-04,178.23,178.36,177.46,177.9,1.17M,0.09%,0.9000000000000057,0.6200000000000045,0.28000000000000114,0.9000000000000057,0.061785714285714215
45,2020-03-05,177.55,178.9,177.5,178.59,167.78K,0.39%,1.4000000000000057,1.0,0.4000000000000057,1.4000000000000057,0.06642857142857134
46,2020-03-06,179.02,179.56,179.0,179.44,12.75K,0.48%,0.5600000000000023,0.9699999999999989,0.4099999999999966,0.9699999999999989,0.0691326530612244
47,2020-03-09,177.21,179.31,177.05,178.23,994.79K,-0.67%,2.259999999999991,0.12999999999999545,2.3899999999999864,2.3899999999999864,0.07811224489795905
48,2020-03-10,177.55,177.91,175.41,177.59,1.28M,-0.36%,2.5,0.3199999999999932,2.819999999999993,2.819999999999993,0.09015306122448959
49,2020-03-11,177.07,177.91,176.55,176.77,1.01M,-0.46%,1.3599999999999852,0.3199999999999932,1.039999999999992,1.3599999999999852,0.09397959183673434
50,2020-03-12,176.81,177.64,175.9,176.5,1.01M,-0.15%,1.7399999999999807,0.8699999999999761,0.8700000000000045,1.7399999999999807,0.09979591836734651
51,2020-03-13,176.32,176.57,173.12,174.17,1.01M,-1.32%,3.4499999999999886,0.06999999999999318,3.3799999999999955,3.4499999999999886,0.11265306122448927
52,2020-03-16,174.6,175.25,171.97,172.17,623.39K,-1.15%,3.280000000000001,1.0800000000000125,2.1999999999999886,3.280000000000001,0.12428571428571378
53,2020-03-17,172.0,172.47,170.9,171.93,773.97K,-0.14%,1.5699999999999932,0.30000000000001137,1.2699999999999818,1.5699999999999932,0.1276020408163259
54,2020-03-18,171.39,171.39,168.24,168.79,879.20K,-1.83%,3.1499999999999773,0.5400000000000205,3.6899999999999977,3.6899999999999977,0.1410204081632648
55,2020-03-19,170.01,171.18,167.52,167.94,813.15K,-0.50%,3.6599999999999966,2.390000000000015,1.2699999999999818,3.6599999999999966,0.15321428571428528
56,2020-03-20,168.53,170.84,168.52,170.42,543.20K,1.48%,2.319999999999993,2.9000000000000057,0.5800000000000125,2.9000000000000057,0.16096938775510167
57,2020-03-23,170.69,171.54,170.22,171.12,496.86K,0.41%,1.3199999999999932,1.1200000000000045,0.19999999999998863,1.3199999999999932,0.16045918367346904
58,2020-03-24,171.13,171.38,170.19,170.27,454.21K,-0.50%,1.1899999999999977,0.2599999999999909,0.9300000000000068,1.1899999999999977,0.1619387755102037
59,2020-03-25,170.5,170.78,169.34,169.62,464.92K,-0.38%,1.4399999999999977,0.5099999999999909,0.9300000000000068,1.4399999999999977,0.1621428571428567
60,2020-03-26,169.69,171.35,169.69,171.07,545.09K,0.85%,1.6599999999999966,1.7299999999999898,0.06999999999999318,1.7299999999999898,0.16602040816326483
61,2020-03-27,170.95,173.07,170.9,172.56,560.94K,0.87%,2.1699999999999875,2.0,0.1699999999999875,2.1699999999999875,0.164897959183673
62,2020-03-30,172.94,173.83,172.62,173.6,427.48K,0.60%,1.210000000000008,1.2700000000000102,0.060000000000002274,1.2700000000000102,0.15698979591836698
63,2020-03-31,172.84,173.16,172.33,172.51,508.92K,-0.63%,0.8299999999999841,0.4399999999999977,1.2699999999999818,1.2699999999999818,0.15653061224489756
64,2020-04-01,172.7,173.48,172.23,172.57,483.25K,0.03%,1.25,0.9699999999999989,0.28000000000000114,1.25,0.15403061224489764
65,2020-04-02,172.56,172.6,171.6,171.92,540.02K,-0.38%,1.0,0.030000000000001137,0.9699999999999989,1.0,0.1415306122448977
66,2020-04-03,171.96,172.44,171.8,172.06,391.64K,0.08%,0.6399999999999864,0.5200000000000102,0.11999999999997613,0.6399999999999864,0.1280612244897956
67,2020-04-06,171.85,172.05,171.42,171.82,320.31K,-0.14%,0.6300000000000239,0.009999999999990905,0.6400000000000148,0.6400000000000148,0.12331632653061204
68,2020-04-07,171.81,171.9,170.24,170.49,567.35K,-0.77%,1.6599999999999966,0.0800000000000125,1.579999999999984,1.6599999999999966,0.11295918367346917
69,2020-04-08,170.79,171.31,170.0,170.46,620.31K,-0.02%,1.3100000000000023,0.8199999999999932,0.4900000000000091,1.3100000000000023,0.10096938775510186
70,2020-04-09,170.12,171.09,170.01,170.9,455.32K,0.26%,1.0800000000000125,0.6299999999999955,0.45000000000001705,1.0800000000000125,0.09168367346938759
71,2020-04-14,170.47,171.71,170.28,171.54,274.44K,0.37%,1.4300000000000068,0.8100000000000023,0.6200000000000045,1.4300000000000068,0.09224489795918359
72,2020-04-15,171.42,172.78,171.36,172.68,532.34K,0.66%,1.4199999999999875,1.240000000000009,0.1799999999999784,1.4199999999999875,0.09341836734693865
73,2020-04-16,172.43,172.9,172.04,172.67,459.93K,-0.01%,0.8600000000000136,0.21999999999999886,0.6400000000000148,0.8600000000000136,0.09045918367346935
74,2020-04-17,172.44,172.89,172.17,172.85,299.09K,0.10%,0.7199999999999989,0.21999999999999886,0.5,0.7199999999999989,0.08530612244897959
75,2020-04-20,172.65,173.01,172.19,172.41,392.72K,-0.25%,0.8199999999999932,0.1599999999999966,0.6599999999999966,0.8199999999999932,0.07841836734693879
76,2020-04-21,172.54,173.26,172.45,172.91,528.25K,0.29%,0.8100000000000023,0.8499999999999943,0.03999999999999204,0.8499999999999943,0.07627551020408156
77,2020-04-22,172.71,172.95,171.67,172.0,517.77K,-0.53%,1.2800000000000011,0.03999999999999204,1.240000000000009,1.2800000000000011,0.07632653061224494
78,2020-04-23,171.85,172.48,171.29,172.1,571.17K,0.06%,1.1899999999999977,0.47999999999998977,0.710000000000008,1.1899999999999977,0.07602040816326534
79,2020-04-24,172.38,172.87,172.27,172.76,417.98K,0.38%,0.5999999999999943,0.7700000000000102,0.17000000000001592,0.7700000000000102,0.07484693877551028
80,2020-04-27,172.68,172.91,172.23,172.45,392.52K,-0.18%,0.6800000000000068,0.15000000000000568,0.5300000000000011,0.6800000000000068,0.07505102040816346
81,2020-04-28,172.4,172.84,172.09,172.75,423.81K,0.17%,0.75,0.3900000000000148,0.3599999999999852,0.75,0.07561224489795929
82,2020-04-29,172.75,173.28,172.58,173.06,531.31K,0.18%,0.6999999999999886,0.5300000000000011,0.1699999999999875,0.6999999999999886,0.07071428571428579
83,2020-04-30,172.95,174.57,172.94,174.43,780.39K,0.79%,1.6299999999999955,1.509999999999991,0.12000000000000455,1.6299999999999955,0.07234693877551024
84,2020-05-04,174.37,174.69,173.77,174.04,497.88K,-0.22%,0.9199999999999875,0.2599999999999909,0.6599999999999966,0.9199999999999875,0.07153061224489787
85,2020-05-05,174.13,174.55,173.42,174.41,642.96K,0.21%,1.1300000000000239,0.5100000000000193,0.6200000000000045,1.1300000000000239,0.06999999999999999
86,2020-05-06,174.15,174.23,173.19,173.3,599.62K,-0.64%,1.039999999999992,0.18000000000000682,1.2199999999999989,1.2199999999999989,0.06897959183673474
87,2020-05-07,173.49,174.08,172.89,173.89,652.67K,0.34%,1.1900000000000261,0.7800000000000011,0.410000000000025,1.1900000000000261,0.07066326530612256
88,2020-05-08,173.87,174.24,173.52,173.77,302.21K,-0.07%,0.7199999999999989,0.35000000000002274,0.3699999999999761,0.7199999999999989,0.07066326530612256
89,2020-05-11,173.47,173.74,173.13,173.53,445.98K,-0.14%,0.6100000000000136,0.030000000000001137,0.6400000000000148,0.6400000000000148,0.0697448979591839
90,2020-05-12,173.18,173.49,172.8,173.37,616.39K,-0.09%,0.6899999999999977,0.03999999999999204,0.7299999999999898,0.7299999999999898,0.0691326530612247
91,2020-05-13,173.55,173.92,173.41,173.63,550.62K,0.15%,0.5099999999999909,0.549999999999983,0.03999999999999204,0.549999999999983,0.06540816326530623
92,2020-05-14,173.56,174.08,173.5,173.65,540.23K,0.01%,0.5800000000000125,0.45000000000001705,0.12999999999999545,0.5800000000000125,0.062295918367347124
93,2020-05-15,173.62,174.23,173.59,173.74,471.06K,0.05%,0.6399999999999864,0.5799999999999841,0.060000000000002274,0.6399999999999864,0.061632653061224556
94,2020-05-18,173.75,174.09,172.61,173.16,678.10K,-0.33%,1.4799999999999898,0.3499999999999943,1.1299999999999955,1.4799999999999898,0.0657142857142857
95,2020-05-19,172.82,173.11,172.26,172.7,685.90K,-0.27%,0.8500000000000227,0.04999999999998295,0.9000000000000057,0.9000000000000057,0.0664795918367347
96,2020-05-20,172.76,172.97,172.51,172.72,547.62K,0.01%,0.46000000000000796,0.27000000000001023,0.18999999999999773,0.46000000000000796,0.06525510204081643
97,2020-05-21,172.89,173.27,172.66,173.15,432.62K,0.25%,0.6100000000000136,0.5500000000000114,0.060000000000002274,0.6100000000000136,0.060051020408163465
98,2020-05-22,173.11,173.52,172.93,173.12,460.08K,-0.02%,0.5900000000000034,0.37000000000000455,0.21999999999999886,0.5900000000000034,0.05836734693877579
99,2020-05-25,173.05,173.28,172.98,173.06,136.20K,-0.03%,0.30000000000001137,0.1599999999999966,0.14000000000001478,0.30000000000001137,0.05413265306122471
100,2020-05-26,173.11,173.16,172.01,172.16,705.34K,-0.52%,1.1500000000000057,0.09999999999999432,1.0500000000000114,1.1500000000000057,0.05377551020408188
101,2020-05-27,172.28,172.53,171.5,172.07,841.05K,-0.05%,1.0300000000000011,0.37000000000000455,0.6599999999999966,1.0300000000000011,0.05295918367346951
102,2020-05-28,171.82,172.32,171.68,172.05,637.25K,-0.01%,0.6399999999999864,0.25,0.38999999999998636,0.6399999999999864,0.052551020408163326
103,2020-05-29,172.15,172.57,172.0,172.46,810.34K,0.24%,0.5699999999999932,0.5199999999999818,0.05000000000001137,0.5699999999999932,0.052193877551020354
104,2020-06-01,172.37,172.42,171.47,171.65,638.43K,-0.47%,0.9499999999999886,0.040000000000020464,0.9900000000000091,0.9900000000000091,0.05352040816326535
105,2020-06-02,171.92,172.15,171.67,171.86,1.11M,0.12%,0.4800000000000182,0.5,0.01999999999998181,0.5,0.05326530612244911
106,2020-06-03,171.66,171.87,170.86,170.97,1.45M,-0.52%,1.009999999999991,0.009999999999990905,1.0,1.009999999999991,0.055459183673469414
107,2020-06-04,171.04,171.34,170.37,170.54,1.11M,-0.25%,0.9699999999999989,0.37000000000000455,0.5999999999999943,0.9699999999999989,0.05714285714285723
108,2020-06-05,170.55,170.7,169.66,169.86,183.51K,-0.40%,1.039999999999992,0.1599999999999966,0.8799999999999955,1.039999999999992,0.054897959183673566
109,2020-06-08,170.13,170.27,169.88,170.22,11.88K,0.21%,0.3900000000000148,0.4099999999999966,0.01999999999998181,0.4099999999999966,0.05239795918367352
110,2020-06-09,173.61,174.02,173.3,173.46,646.57K,1.90%,0.7199999999999989,3.8000000000000114,3.0800000000000125,3.8000000000000114,0.06943877551020415
111,2020-06-10,173.47,174.18,173.25,173.81,644.91K,0.20%,0.9300000000000068,0.7199999999999989,0.21000000000000796,0.9300000000000068,0.0710714285714286
112,2020-06-11,174.28,175.34,174.12,175.24,598.11K,0.82%,1.2199999999999989,1.5300000000000011,0.3100000000000023,1.5300000000000011,0.07586734693877553
113,2020-06-12,175.25,175.6,174.9,175.57,513.63K,0.19%,0.6999999999999886,0.3599999999999852,0.3400000000000034,0.6999999999999886,0.07790816326530603
114,2020-06-15,175.62,175.98,175.28,175.52,475.61K,-0.03%,0.6999999999999886,0.4099999999999966,0.28999999999999204,0.6999999999999886,0.07561224489795901
115,2020-06-16,175.22,175.58,174.9,175.4,592.82K,-0.07%,0.6800000000000068,0.060000000000002274,0.6200000000000045,0.6800000000000068,0.07382653061224474
116,2020-06-17,175.34,175.63,174.8,175.4,596.32K,0.00%,0.8299999999999841,0.22999999999998977,0.5999999999999943,0.8299999999999841,0.07479591836734678
117,2020-06-18,175.28,175.76,175.16,175.59,548.60K,0.11%,0.5999999999999943,0.3599999999999852,0.2400000000000091,0.5999999999999943,0.07494897959183658
118,2020-06-19,175.61,175.79,175.3,175.68,383.64K,0.05%,0.4899999999999807,0.19999999999998863,0.28999999999999204,0.4899999999999807,0.07239795918367317
119,2020-06-22,175.74,176.37,175.6,176.11,440.63K,0.24%,0.7700000000000102,0.6899999999999977,0.0800000000000125,0.7700000000000102,0.07377551020408138
120,2020-06-23,175.85,176.13,175.45,175.61,559.80K,-0.28%,0.6800000000000068,0.01999999999998181,0.660000000000025,0.6800000000000068,0.0720918367346937
121,2020-06-24,175.53,176.12,175.2,176.01,592.63K,0.23%,0.9200000000000159,0.5099999999999909,0.410000000000025,0.9200000000000159,0.07183673469387748
122,2020-06-25,176.11,176.72,176.09,176.55,526.35K,0.31%,0.6299999999999955,0.710000000000008,0.0800000000000125,0.710000000000008,0.07015306122448979
123,2020-06-26,176.39,176.8,176.32,176.7,399.58K,0.08%,0.4800000000000182,0.25,0.2300000000000182,0.4800000000000182,0.07051020408163276
124,2020-06-29,176.75,176.86,176.35,176.66,350.34K,-0.02%,0.5100000000000193,0.160000000000025,0.3499999999999943,0.5100000000000193,0.05372448979591852
125,2020-06-30,176.58,176.86,176.16,176.52,534.41K,-0.08%,0.700000000000017,0.20000000000001705,0.5,0.700000000000017,0.052551020408163465
126,2020-07-01,176.15,176.2,175.2,175.29,550.71K,-0.70%,1.0,0.3200000000000216,1.3200000000000216,1.3200000000000216,0.051479591836735
127,2020-07-02,175.19,176.06,175.04,176.01,628.12K,0.41%,1.0200000000000102,0.7700000000000102,0.25,1.0200000000000102,0.053112244897959605
128,2020-07-03,175.98,176.24,175.85,176.02,244.23K,0.01%,0.3900000000000148,0.2300000000000182,0.1599999999999966,0.3900000000000148,0.051530612244898515
129,2020-07-06,175.88,176.15,175.62,175.96,407.43K,-0.03%,0.5300000000000011,0.12999999999999545,0.4000000000000057,0.5300000000000011,0.050765306122449505
130,2020-07-07,176.07,176.3,175.72,175.88,413.70K,-0.05%,0.5800000000000125,0.3400000000000034,0.2400000000000091,0.5800000000000125,0.04948979591836801
131,2020-07-08,176.11,176.37,176.02,176.13,435.17K,0.14%,0.3499999999999943,0.4900000000000091,0.14000000000001478,0.4900000000000091,0.04892857142857217
132,2020-07-09,176.01,176.61,175.96,176.52,443.34K,0.22%,0.6500000000000057,0.4800000000000182,0.1699999999999875,0.6500000000000057,0.04974489795918454
133,2020-07-10,176.41,176.92,176.34,176.63,476.77K,0.06%,0.5799999999999841,0.39999999999997726,0.18000000000000682,0.5799999999999841,0.04877551020408237
134,2020-07-13,176.48,176.49,175.54,175.63,503.25K,-0.57%,0.950000000000017,0.13999999999998636,1.0900000000000034,1.0900000000000034,0.050867346938776224
135,2020-07-14,175.98,176.25,175.74,176.2,476.67K,0.32%,0.5099999999999909,0.6200000000000045,0.11000000000001364,0.6200000000000045,0.04933673469387821
136,2020-07-15,176.03,176.47,175.92,176.12,538.08K,-0.05%,0.5500000000000114,0.27000000000001023,0.28000000000000114,0.5500000000000114,0.048520408163265985
137,2020-07-16,176.17,176.74,176.07,176.62,472.60K,0.28%,0.6700000000000159,0.6200000000000045,0.05000000000001137,0.6700000000000159,0.04948979591836801
138,2020-07-17,176.41,176.68,176.1,176.27,332.01K,-0.20%,0.5800000000000125,0.060000000000002274,0.5200000000000102,0.5800000000000125,0.049846938775510836
139,2020-07-20,176.19,176.54,175.77,176.37,465.20K,0.06%,0.7699999999999818,0.2699999999999818,0.5,0.7699999999999818,0.05020408163265351
140,2020-07-21,176.24,176.45,176.06,176.37,407.57K,0.00%,0.38999999999998636,0.07999999999998408,0.3100000000000023,0.38999999999998636,0.04545918367346966
141,2020-07-22,176.37,176.95,176.2,176.93,482.28K,0.32%,0.75,0.5799999999999841,0.17000000000001592,0.75,0.04408163265306144
142,2020-07-23,176.79,176.89,176.59,176.72,404.14K,-0.12%,0.29999999999998295,0.040000000000020464,0.3400000000000034,0.3400000000000034,0.04382653061224506
143,2020-07-24,176.77,176.98,175.95,176.09,608.25K,-0.36%,1.0300000000000011,0.2599999999999909,0.7700000000000102,1.0300000000000011,0.046377551020408324
144,2020-07-27,176.06,176.87,175.96,176.8,481.82K,0.40%,0.9099999999999966,0.7800000000000011,0.12999999999999545,0.9099999999999966,0.048061224489796
145,2020-07-28,176.51,177.24,176.49,177.13,494.53K,0.19%,0.75,0.4399999999999977,0.3100000000000023,0.75,0.04938775510204085
146,2020-07-29,177.15,177.29,176.83,176.95,431.54K,-0.10%,0.45999999999997954,0.1599999999999966,0.29999999999998295,0.45999999999997954,0.048418367346938676
147,2020-07-30,177.0,177.8,176.92,177.69,531.23K,0.42%,0.8800000000000239,0.8500000000000227,0.030000000000001137,0.8800000000000239,0.04994897959183684
148,2020-07-31,177.71,178.01,177.25,177.52,573.93K,-0.10%,0.7599999999999909,0.3199999999999932,0.4399999999999977,0.7599999999999909,0.04826530612244902
149,2020-08-03,177.44,177.48,177.03,177.31,380.28K,-0.12%,0.44999999999998863,0.040000000000020464,0.4900000000000091,0.4900000000000091,0.047602040816326595
150,2020-08-04,177.31,178.01,177.19,177.81,454.20K,0.28%,0.8199999999999932,0.6999999999999886,0.12000000000000455,0.8199999999999932,0.048979591836734664
151,2020-08-05,177.96,178.0,177.0,177.1,492.40K,-0.40%,1.0,0.18999999999999773,0.8100000000000023,1.0,0.05066326530612234
152,2020-08-06,177.02,177.81,176.92,177.6,547.06K,0.28%,0.8900000000000148,0.710000000000008,0.18000000000000682,0.8900000000000148,0.05224489795918358
153,2020-08-07,177.38,177.67,177.07,177.17,394.37K,-0.24%,0.5999999999999943,0.06999999999999318,0.5300000000000011,0.5999999999999943,0.05137755102040813
154,2020-08-10,177.16,177.64,176.89,177.5,366.17K,0.19%,0.75,0.46999999999999886,0.28000000000000114,0.75,0.05321428571428575
155,2020-08-11,177.39,177.5,176.56,176.66,562.34K,-0.47%,0.9399999999999977,0.0,0.9399999999999977,0.9399999999999977,0.05418367346938778
156,2020-08-12,176.86,176.88,175.93,176.24,642.98K,-0.24%,0.9499999999999886,0.21999999999999886,0.7299999999999898,0.9499999999999886,0.05729591836734688
157,2020-08-13,176.43,176.6,175.27,175.56,635.29K,-0.39%,1.329999999999984,0.3599999999999852,0.9699999999999989,1.329999999999984,0.05882653061224476
158,2020-08-14,175.26,175.81,175.25,175.76,486.10K,0.11%,0.5600000000000023,0.25,0.3100000000000023,0.5600000000000023,0.057040816326530505
159,2020-08-17,175.61,176.27,175.54,176.21,470.45K,0.26%,0.7300000000000182,0.5100000000000193,0.21999999999999886,0.7300000000000182,0.056938775510204064
160,2020-08-18,176.14,176.51,176.03,176.43,514.88K,0.12%,0.47999999999998977,0.29999999999998295,0.18000000000000682,0.47999999999998977,0.057040816326530644
161,2020-08-19,176.47,176.87,176.39,176.57,542.39K,0.08%,0.4800000000000182,0.4399999999999977,0.040000000000020464,0.4800000000000182,0.05500000000000001
162,2020-08-20,176.58,177.18,176.45,176.95,562.70K,0.22%,0.7300000000000182,0.6100000000000136,0.12000000000000455,0.7300000000000182,0.05484693877551035
163,2020-08-21,176.87,177.37,176.75,177.1,531.59K,0.08%,0.6200000000000045,0.4200000000000159,0.19999999999998863,0.6200000000000045,0.05551020408163277
164,2020-08-24,177.21,177.25,176.73,177.02,461.45K,-0.05%,0.5200000000000102,0.15000000000000568,0.37000000000000455,0.5200000000000102,0.053979591836734904
165,2020-08-25,176.95,176.95,175.75,175.89,760.04K,-0.64%,1.1999999999999886,0.0700000000000216,1.2700000000000102,1.2700000000000102,0.05535714285714312
166,2020-08-26,176.0,176.04,175.47,175.66,733.62K,-0.13%,0.5699999999999932,0.15000000000000568,0.4199999999999875,0.5699999999999932,0.05372448979591852
167,2020-08-27,175.94,176.58,175.28,175.44,873.37K,-0.13%,1.3000000000000114,0.9200000000000159,0.37999999999999545,1.3000000000000114,0.057295918367347175
168,2020-08-28,175.29,175.82,175.06,175.68,916.05K,0.14%,0.7599999999999909,0.37999999999999545,0.37999999999999545,0.7599999999999909,0.05734693877551039
169,2020-08-31,175.63,175.78,175.22,175.56,629.22K,-0.07%,0.5600000000000023,0.09999999999999432,0.46000000000000796,0.5600000000000023,0.055408163265306336
170,2020-09-01,175.46,176.18,175.17,175.72,947.62K,0.09%,1.0100000000000193,0.6200000000000045,0.3900000000000148,1.0100000000000193,0.05571428571428609
171,2020-09-02,176.12,176.82,176.0,176.67,1.14M,0.54%,0.8199999999999932,1.0999999999999943,0.28000000000000114,1.0999999999999943,0.05454081632653103
172,2020-09-03,176.74,177.18,176.49,177.07,1.29M,0.23%,0.6899999999999977,0.5100000000000193,0.1799999999999784,0.6899999999999977,0.05520408163265346
173,2020-09-04,176.93,177.04,176.37,176.78,615.88K,-0.16%,0.6699999999999875,0.030000000000001137,0.6999999999999886,0.6999999999999886,0.055051020408163516
174,2020-09-07,176.47,176.86,176.19,176.52,133.13K,-0.15%,0.6700000000000159,0.0800000000000125,0.5900000000000034,0.6700000000000159,0.05602040816326569
175,2020-09-08,176.52,176.94,176.42,176.93,14.26K,0.23%,0.5200000000000102,0.4199999999999875,0.10000000000002274,0.5200000000000102,0.05622448979591871
176,2020-09-09,174.34,174.41,173.51,173.68,607.81K,-1.84%,0.9000000000000057,2.5200000000000102,3.420000000000016,3.420000000000016,0.06994897959183706
177,2020-09-10,173.61,173.91,173.06,173.11,665.07K,-0.33%,0.8499999999999943,0.22999999999998977,0.6200000000000045,0.8499999999999943,0.07112244897959212
178,2020-09-11,173.66,174.04,173.54,173.96,462.19K,0.49%,0.5,0.9299999999999784,0.4299999999999784,0.9299999999999784,0.07321428571428583
179,2020-09-14,174.02,174.32,173.91,174.0,433.07K,0.02%,0.4099999999999966,0.3599999999999852,0.05000000000001137,0.4099999999999966,0.06882653061224495
180,2020-09-15,174.05,174.15,173.78,174.0,472.41K,0.00%,0.37000000000000455,0.15000000000000568,0.21999999999999886,0.37000000000000455,0.0678061224489797
181,2020-09-16,174.12,174.29,173.84,173.92,455.12K,-0.05%,0.44999999999998863,0.28999999999999204,0.1599999999999966,0.44999999999998863,0.06346938775510204
182,2020-09-17,174.05,174.45,173.74,174.26,647.27K,0.20%,0.7099999999999795,0.5300000000000011,0.1799999999999784,0.7099999999999795,0.06321428571428564
183,2020-09-18,174.07,174.43,173.93,174.07,438.52K,-0.11%,0.5,0.17000000000001592,0.3299999999999841,0.5,0.06290816326530604
184,2020-09-21,174.08,174.85,173.95,174.65,608.20K,0.33%,0.9000000000000057,0.7800000000000011,0.12000000000000455,0.9000000000000057,0.062346938775510057
185,2020-09-22,174.56,174.74,174.25,174.37,588.25K,-0.16%,0.4900000000000091,0.09000000000000341,0.4000000000000057,0.4900000000000091,0.05923469387755094
186,2020-09-23,174.38,174.64,174.19,174.21,574.54K,-0.09%,0.44999999999998863,0.2699999999999818,0.18000000000000682,0.44999999999998863,0.05801020408163253
187,2020-09-24,174.43,174.72,174.22,174.44,557.16K,0.13%,0.5,0.5099999999999909,0.009999999999990905,0.5099999999999909,0.057040816326530505
188,2020-09-25,174.27,174.7,174.16,174.67,472.17K,0.13%,0.539999999999992,0.2599999999999909,0.28000000000000114,0.539999999999992,0.05637755102040793
189,2020-09-28,174.58,174.68,174.31,174.62,427.30K,-0.03%,0.37000000000000455,0.010000000000019327,0.3599999999999852,0.37000000000000455,0.05561224489795892
190,2020-09-29,174.63,174.9,174.58,174.87,498.12K,0.14%,0.3199999999999932,0.28000000000000114,0.03999999999999204,0.3199999999999932,0.03979591836734656
191,2020-09-30,174.81,174.95,174.34,174.52,714.17K,-0.20%,0.6099999999999852,0.07999999999998408,0.5300000000000011,0.6099999999999852,0.038571428571428146
192,2020-10-01,174.5,174.71,174.17,174.66,715.32K,0.08%,0.5400000000000205,0.18999999999999773,0.35000000000002274,0.5400000000000205,0.03658163265306102
193,2020-10-02,174.61,174.97,174.6,174.66,526.39K,0.00%,0.37000000000000455,0.3100000000000023,0.060000000000002274,0.37000000000000455,0.036377551020407996
194,2020-10-05,174.67,174.9,174.19,174.42,529.43K,-0.14%,0.710000000000008,0.2400000000000091,0.46999999999999886,0.710000000000008,0.03811224489795904
195,2020-10-06,174.18,174.65,174.15,174.27,664.92K,-0.09%,0.5,0.2300000000000182,0.2699999999999818,0.5,0.038367346938775415
196,2020-10-07,174.58,174.61,173.93,174.13,705.09K,-0.08%,0.6800000000000068,0.3400000000000034,0.3400000000000034,0.6800000000000068,0.03821428571428576
197,2020-10-08,174.1,174.58,174.04,174.48,455.63K,0.20%,0.5400000000000205,0.45000000000001705,0.09000000000000341,0.5400000000000205,0.038418367346938924
198,2020-10-09,174.52,174.86,174.49,174.68,492.24K,0.11%,0.37000000000000455,0.3800000000000239,0.010000000000019327,0.3800000000000239,0.03576530612244922
199,2020-10-12,174.74,174.87,174.6,174.81,307.19K,0.07%,0.27000000000001023,0.18999999999999773,0.0800000000000125,0.27000000000001023,0.03464285714285739
200,2020-10-13,174.88,175.13,174.76,175.06,492.61K,0.14%,0.37000000000000455,0.3199999999999932,0.05000000000001137,0.37000000000000455,0.034234693877551355
201,2020-10-14,175.07,175.5,175.04,175.35,546.06K,0.17%,0.46000000000000796,0.4399999999999977,0.020000000000010232,0.46000000000000796,0.033979591836735115
202,2020-10-15,175.37,176.28,175.35,175.9,836.38K,0.31%,0.9300000000000068,0.9300000000000068,0.0,0.9300000000000068,0.035969387755102535
203,2020-10-16,175.82,176.29,175.77,176.07,478.75K,0.10%,0.5199999999999818,0.38999999999998636,0.12999999999999545,0.5199999999999818,0.0367346938775514
204,2020-10-19,176.01,176.17,175.77,176.11,486.45K,0.02%,0.39999999999997726,0.09999999999999432,0.29999999999998295,0.39999999999997726,0.037142857142857436
205,2020-10-20,176.1,176.24,175.66,175.81,585.02K,-0.17%,0.5800000000000125,0.12999999999999545,0.45000000000001705,0.5800000000000125,0.03698979591836778
206,2020-10-21,175.67,175.86,175.34,175.71,647.92K,-0.06%,0.5200000000000102,0.05000000000001137,0.46999999999999886,0.5200000000000102,0.036887755102041196
207,2020-10-22,175.54,175.73,175.17,175.19,613.67K,-0.30%,0.5600000000000023,0.01999999999998181,0.5400000000000205,0.5600000000000023,0.037857142857143235
208,2020-10-23,175.2,175.52,175.0,175.26,551.14K,0.04%,0.5200000000000102,0.3300000000000125,0.18999999999999773,0.5200000000000102,0.036887755102041196
209,2020-10-26,175.5,175.73,175.1,175.3,573.12K,0.02%,0.6299999999999955,0.46999999999999886,0.1599999999999966,0.6299999999999955,0.037551020408163625
210,2020-10-27,175.45,176.01,175.27,175.94,590.38K,0.37%,0.7399999999999807,0.7099999999999795,0.030000000000001137,0.7399999999999807,0.03785714285714308
211,2020-10-28,176.08,176.43,175.95,176.07,793.21K,0.07%,0.4800000000000182,0.4900000000000091,0.009999999999990905,0.4900000000000091,0.0376020408163267
212,2020-10-29,176.03,176.44,175.92,176.31,698.75K,0.14%,0.5200000000000102,0.37000000000000455,0.15000000000000568,0.5200000000000102,0.038316326530612344
213,2020-10-30,176.18,176.38,175.9,176.15,683.41K,-0.09%,0.47999999999998977,0.06999999999999318,0.4099999999999966,0.47999999999998977,0.03938775510204081
214,2020-11-02,176.25,176.36,175.9,176.24,530.00K,0.05%,0.46000000000000796,0.21000000000000796,0.25,0.46000000000000796,0.03984693877551022
215,2020-11-03,176.29,176.37,175.82,176.02,584.73K,-0.12%,0.5500000000000114,0.12999999999999545,0.4200000000000159,0.5500000000000114,0.040306122448979624
216,2020-11-04,175.71,176.83,175.53,176.4,787.73K,0.22%,1.3000000000000114,0.8100000000000023,0.4900000000000091,1.3000000000000114,0.042193877551020456
217,2020-11-05,176.52,176.65,176.09,176.33,616.56K,-0.04%,0.5600000000000023,0.25,0.3100000000000023,0.5600000000000023,0.042397959183673624
218,2020-11-06,176.42,176.49,175.86,176.03,591.31K,-0.17%,0.6299999999999955,0.1599999999999966,0.46999999999999886,0.6299999999999955,0.04357142857142882
219,2020-11-09,176.09,176.46,174.26,174.36,1.19M,-0.95%,2.200000000000017,0.4300000000000068,1.7700000000000102,2.200000000000017,0.051836734693877826
220,2020-11-10,174.54,174.63,173.92,174.02,994.34K,-0.19%,0.710000000000008,0.2699999999999818,0.44000000000002615,0.710000000000008,0.05280612244897986
221,2020-11-11,174.01,174.5,173.66,174.3,653.88K,0.16%,0.8400000000000034,0.47999999999998977,0.36000000000001364,0.8400000000000034,0.05423469387755129
222,2020-11-12,174.42,174.97,174.26,174.74,665.82K,0.25%,0.710000000000008,0.6699999999999875,0.040000000000020464,0.710000000000008,0.05520408163265332
223,2020-11-13,174.91,175.17,174.78,174.94,512.60K,0.11%,0.38999999999998636,0.4299999999999784,0.03999999999999204,0.4299999999999784,0.05418367346938792
224,2020-11-16,174.94,175.29,174.45,174.93,675.21K,-0.01%,0.8400000000000034,0.3499999999999943,0.4900000000000091,0.8400000000000034,0.05469387755102069
225,2020-11-17,174.94,175.27,174.85,175.18,526.43K,0.14%,0.4200000000000159,0.3400000000000034,0.0800000000000125,0.4200000000000159,0.054336734693877876
226,2020-11-18,175.28,175.46,174.91,175.12,526.04K,-0.03%,0.5500000000000114,0.28000000000000114,0.27000000000001023,0.5500000000000114,0.054489795918367674
227,2020-11-19,175.2,175.41,175.1,175.33,521.65K,0.12%,0.3100000000000023,0.28999999999999204,0.020000000000010232,0.3100000000000023,0.05362244897959222
228,2020-11-20,175.45,175.73,175.25,175.53,512.29K,0.11%,0.47999999999998977,0.39999999999997726,0.0800000000000125,0.47999999999998977,0.053724489795918665
229,2020-11-23,175.7,175.71,175.26,175.41,552.78K,-0.07%,0.45000000000001705,0.18000000000000682,0.27000000000001023,0.45000000000001705,0.05321428571428604
230,2020-11-24,175.37,175.47,175.12,175.26,520.86K,-0.09%,0.3499999999999943,0.060000000000002274,0.28999999999999204,0.3499999999999943,0.04836734693877575
231,2020-11-25,175.1,175.46,174.96,175.33,507.15K,0.04%,0.5,0.20000000000001705,0.29999999999998295,0.5,0.04806122448979615
232,2020-11-26,175.18,175.59,175.16,175.51,333.13K,0.10%,0.4300000000000068,0.2599999999999909,0.17000000000001592,0.4300000000000068,0.0470408163265309
233,2020-11-27,175.59,175.65,175.41,175.5,360.72K,-0.01%,0.2400000000000091,0.14000000000001478,0.09999999999999432,0.2400000000000091,0.037040816326530855
234,2020-11-30,175.63,175.72,175.21,175.25,744.76K,-0.14%,0.5099999999999909,0.21999999999999886,0.28999999999999204,0.5099999999999909,0.03602040816326546
235,2020-12-01,175.32,175.45,174.47,174.56,1.19M,-0.39%,0.9799999999999898,0.19999999999998863,0.7800000000000011,0.9799999999999898,0.03673469387755111
236,2020-12-02,174.56,174.69,174.37,174.48,1.14M,-0.05%,0.3199999999999932,0.12999999999999545,0.18999999999999773,0.3199999999999932,0.03474489795918369
237,2020-12-03,174.63,175.18,174.56,174.94,1.33M,0.26%,0.6200000000000045,0.700000000000017,0.0800000000000125,0.700000000000017,0.03612244897959205
238,2020-12-04,175.15,175.22,174.81,174.82,756.78K,-0.07%,0.4099999999999966,0.28000000000000114,0.12999999999999545,0.4099999999999966,0.0339285714285716
239,2020-12-07,175.03,175.51,175.03,175.41,128.89K,0.34%,0.47999999999998977,0.6899999999999977,0.21000000000000796,0.6899999999999977,0.035306122448979675
240,2020-12-08,175.37,175.61,175.35,175.43,16.39K,0.01%,0.2600000000000193,0.20000000000001705,0.060000000000002274,0.2600000000000193,0.03382653061224502
241,2020-12-09,178.08,178.3,177.91,178.19,418.76K,1.57%,0.3900000000000148,2.8700000000000045,2.4799999999999898,2.8700000000000045,0.04688775510204095
242,2020-12-10,178.3,178.55,177.77,178.08,704.19K,-0.06%,0.7800000000000011,0.36000000000001364,0.4199999999999875,0.7800000000000011,0.04841836734693896
243,2020-12-11,178.27,178.77,178.17,178.68,561.97K,0.34%,0.6000000000000227,0.6899999999999977,0.08999999999997499,0.6899999999999977,0.04964285714285723
244,2020-12-14,178.37,178.56,178.13,178.42,444.21K,-0.15%,0.4300000000000068,0.12000000000000455,0.5500000000000114,0.5500000000000114,0.05066326530612263
245,2020-12-15,178.37,178.57,178.17,178.27,440.33K,-0.08%,0.4000000000000057,0.15000000000000568,0.25,0.4000000000000057,0.05015306122449
246,2020-12-16,178.28,178.31,177.27,177.55,691.25K,-0.40%,1.039999999999992,0.03999999999999204,1.0,1.039999999999992,0.05326530612244911
247,2020-12-17,177.6,177.98,177.34,177.69,519.60K,0.08%,0.6399999999999864,0.4299999999999784,0.21000000000000796,0.6399999999999864,0.05530612244897961
248,2020-12-18,177.74,177.85,177.28,177.66,416.57K,-0.02%,0.5699999999999932,0.1599999999999966,0.4099999999999966,0.5699999999999932,0.05561224489795922
249,2020-12-21,177.83,178.44,177.61,177.86,520.42K,0.11%,0.8299999999999841,0.7800000000000011,0.04999999999998295,0.8299999999999841,0.05484693877551021
250,2020-12-22,177.7,178.09,177.63,177.93,344.00K,0.04%,0.46000000000000796,0.22999999999998977,0.2300000000000182,0.46000000000000796,0.055561224489795995
251,2020-12-23,178.07,178.18,177.01,177.07,507.28K,-0.48%,1.170000000000016,0.25,0.9200000000000159,1.170000000000016,0.05795918367346946
252,2020-12-24,177.36,177.36,177.36,177.36,-,0.16%,0.0,0.29000000000002046,0.29000000000002046,0.29000000000002046,0.05734693877551039
253,2020-12-28,177.35,177.77,177.17,177.39,195.97K,0.02%,0.6000000000000227,0.4099999999999966,0.19000000000002615,0.6000000000000227,0.05688775510204114
254,2020-12-29,177.6,177.75,177.52,177.7,265.00K,0.17%,0.22999999999998977,0.36000000000001364,0.13000000000002387,0.36000000000001364,0.057397959183673755
255,2020-12-30,177.73,177.84,177.27,177.64,306.91K,-0.03%,0.5699999999999932,0.14000000000001478,0.4299999999999784,0.5699999999999932,0.045663265306122684
256,2020-12-31,177.84,177.84,177.84,177.84,-,0.11%,0.0,0.20000000000001705,0.20000000000001705,0.20000000000001705,0.04270408163265337
257,2021-01-04,177.78,178.37,177.52,178.12,695.84K,0.16%,0.8499999999999943,0.5300000000000011,0.3199999999999932,0.8499999999999943,0.0435204081632656
258,2021-01-05,178.22,178.27,177.71,177.9,613.78K,-0.12%,0.5600000000000023,0.15000000000000568,0.4099999999999966,0.5600000000000023,0.04357142857142882
259,2021-01-06,177.85,177.85,177.02,177.37,842.16K,-0.30%,0.8299999999999841,0.05000000000001137,0.8799999999999955,0.8799999999999955,0.046020408163265504
260,2021-01-07,177.47,177.69,177.17,177.25,792.79K,-0.07%,0.5200000000000102,0.3199999999999932,0.20000000000001705,0.5200000000000102,0.0433673469387758
261,2021-01-08,177.33,177.53,177.16,177.3,542.40K,0.03%,0.37000000000000455,0.28000000000000114,0.09000000000000341,0.37000000000000455,0.041989795918367726
262,2021-01-11,177.28,177.55,176.84,176.93,739.76K,-0.21%,0.710000000000008,0.25,0.46000000000000796,0.710000000000008,0.042704081632653525
263,2021-01-12,176.83,176.87,176.34,176.44,904.00K,-0.28%,0.5300000000000011,0.060000000000002274,0.5900000000000034,0.5900000000000034,0.041479591836735254
264,2021-01-13,176.84,177.6,176.72,177.36,989.43K,0.52%,0.8799999999999955,1.1599999999999966,0.28000000000000114,1.1599999999999966,0.045051020408163764
265,2021-01-14,177.49,177.96,177.32,177.84,748.88K,0.27%,0.6400000000000148,0.5999999999999943,0.040000000000020464,0.6400000000000148,0.0423469387755107
266,2021-01-15,177.65,177.94,177.5,177.66,547.66K,-0.10%,0.4399999999999977,0.09999999999999432,0.3400000000000034,0.4399999999999977,0.04311224489795956
267,2021-01-18,177.71,177.81,177.24,177.37,432.30K,-0.16%,0.5699999999999932,0.15000000000000568,0.4199999999999875,0.5699999999999932,0.04295918367346962
268,2021-01-19,177.31,177.45,177.1,177.4,720.92K,0.02%,0.3499999999999943,0.07999999999998408,0.27000000000001023,0.3499999999999943,0.042908163265306255
269,2021-01-20,177.33,177.5,177.25,177.45,506.83K,0.03%,0.25,0.09999999999999432,0.15000000000000568,0.25,0.0412755102040818
270,2021-01-21,177.41,177.56,176.74,176.8,860.43K,-0.37%,0.8199999999999932,0.11000000000001364,0.7099999999999795,0.8199999999999932,0.04443877551020412
271,2021-01-22,176.76,177.27,176.63,177.16,643.50K,0.20%,0.6400000000000148,0.46999999999999886,0.17000000000001592,0.6400000000000148,0.043367346938775655
272,2021-01-25,177.13,177.88,177.12,177.83,675.95K,0.38%,0.7599999999999909,0.7199999999999989,0.03999999999999204,0.7599999999999909,0.044387755102040904
273,2021-01-26,177.82,177.96,177.45,177.52,617.11K,-0.17%,0.5100000000000193,0.12999999999999545,0.3800000000000239,0.5100000000000193,0.04250000000000021
274,2021-01-27,177.56,178.12,177.39,177.79,863.82K,0.15%,0.7300000000000182,0.5999999999999943,0.13000000000002387,0.7300000000000182,0.04357142857142882
275,2021-01-28,177.64,177.96,177.46,177.77,701.49K,-0.01%,0.5,0.17000000000001592,0.3299999999999841,0.5,0.044234693877551245
276,2021-01-29,177.58,177.66,176.89,177.25,1.15M,-0.29%,0.7700000000000102,0.11000000000001364,0.8800000000000239,0.8800000000000239,0.04510204081632684
277,2021-02-01,177.36,177.42,176.97,177.22,635.89K,-0.02%,0.44999999999998863,0.1699999999999875,0.28000000000000114,0.44999999999998863,0.04438775510204105
278,2021-02-02,177.13,177.23,176.63,176.75,876.69K,-0.27%,0.5999999999999943,0.009999999999990905,0.5900000000000034,0.5999999999999943,0.04153061224489818
279,2021-02-03,176.6,176.7,176.35,176.47,761.77K,-0.16%,0.3499999999999943,0.05000000000001137,0.4000000000000057,0.4000000000000057,0.04030612244897976
280,2021-02-04,176.35,176.57,176.1,176.32,848.30K,-0.08%,0.46999999999999886,0.09999999999999432,0.37000000000000455,0.46999999999999886,0.04045918367346957
281,2021-02-05,176.28,176.48,175.63,176.17,977.99K,-0.09%,0.8499999999999943,0.1599999999999966,0.6899999999999977,0.8499999999999943,0.041887755102041006
282,2021-02-08,175.96,176.23,175.61,176.12,643.91K,-0.03%,0.6199999999999761,0.060000000000002274,0.5599999999999739,0.6199999999999761,0.04326530612244907
283,2021-02-09,176.1,176.36,175.92,176.21,765.00K,0.05%,0.44000000000002615,0.2400000000000091,0.20000000000001705,0.44000000000002615,0.044234693877551245
284,2021-02-10,176.07,176.38,175.94,176.1,688.20K,-0.06%,0.4399999999999977,0.1699999999999875,0.27000000000001023,0.4399999999999977,0.04229591836734719
285,2021-02-11,176.27,176.64,176.24,176.43,656.53K,0.19%,0.39999999999997726,0.539999999999992,0.14000000000001478,0.539999999999992,0.04178571428571442
286,2021-02-12,176.39,176.53,175.77,175.97,758.70K,-0.26%,0.7599999999999909,0.09999999999999432,0.6599999999999966,0.7599999999999909,0.04178571428571442
287,2021-02-15,175.65,175.7,175.15,175.23,670.34K,-0.42%,0.549999999999983,0.27000000000001023,0.8199999999999932,0.8199999999999932,0.04336734693877551
288,2021-02-16,175.24,175.45,174.49,174.8,1.05M,-0.25%,0.9599999999999795,0.21999999999999886,0.7399999999999807,0.9599999999999795,0.04454081632653041
289,2021-02-17,174.45,175.14,174.38,175.04,1.15M,0.14%,0.7599999999999909,0.339999999999975,0.4200000000000159,0.7599999999999909,0.04586734693877526
290,2021-02-18,175.12,175.26,174.38,174.68,1.02M,-0.21%,0.8799999999999955,0.21999999999999886,0.6599999999999966,0.8799999999999955,0.04586734693877512
291,2021-02-19,174.64,174.7,173.98,174.18,944.86K,-0.29%,0.7199999999999989,0.01999999999998181,0.700000000000017,0.7199999999999989,0.04724489795918334
292,2021-02-22,173.95,175.02,173.58,174.72,1.27M,0.31%,1.4399999999999977,0.8400000000000034,0.5999999999999943,1.4399999999999977,0.05153061224489764
293,2021-02-23,174.57,174.65,173.82,174.35,1.18M,-0.21%,0.8300000000000125,0.06999999999999318,0.9000000000000057,0.9000000000000057,0.05408163265306091
294,2021-02-24,174.49,174.57,173.65,174.04,1.15M,-0.18%,0.9199999999999875,0.21999999999999886,0.6999999999999886,0.9199999999999875,0.05637755102040779
295,2021-02-25,174.21,174.25,172.08,173.06,1.70M,-0.56%,2.1699999999999875,0.21000000000000796,1.9599999999999795,2.1699999999999875,0.06311224489795877
296,2021-02-26,172.11,173.91,172.11,173.4,1.50M,0.20%,1.799999999999983,0.8499999999999943,0.9499999999999886,1.799999999999983,0.06913265306122411
297,2021-03-01,174.02,174.75,173.77,174.56,1.15M,0.67%,0.9799999999999898,1.3499999999999943,0.37000000000000455,1.3499999999999943,0.0737755102040811
298,2021-03-02,174.75,174.93,174.14,174.67,1.42M,0.06%,0.7900000000000205,0.37000000000000455,0.4200000000000159,0.7900000000000205,0.07556122448979549
299,2021-03-03,174.93,174.97,173.75,173.95,1.44M,-0.41%,1.2199999999999989,0.30000000000001137,0.9199999999999875,1.2199999999999989,0.07903061224489757
300,2021-03-04,173.79,174.51,173.71,174.27,938.86K,0.18%,0.799999999999983,0.5600000000000023,0.23999999999998067,0.799999999999983,0.07923469387755058
301,2021-03-05,173.69,174.28,173.63,174.0,209.17K,-0.15%,0.6500000000000057,0.009999999999990905,0.6400000000000148,0.6500000000000057,0.07836734693877515
302,2021-03-08,173.95,174.0,173.71,174.01,15.50K,0.01%,0.28999999999999204,0.0,0.28999999999999204,0.28999999999999204,0.07494897959183644
303,2021-03-09,170.93,171.7,170.83,171.23,740.72K,-1.60%,0.8699999999999761,2.3100000000000023,3.1799999999999784,3.1799999999999784,0.08729591836734658
304,2021-03-10,171.38,171.53,171.07,171.32,588.85K,0.05%,0.46000000000000796,0.30000000000001137,0.1599999999999966,0.46000000000000796,0.0851530612244895
305,2021-03-11,171.43,172.2,171.3,171.64,986.92K,0.19%,0.8999999999999773,0.8799999999999955,0.01999999999998181,0.8999999999999773,0.08607142857142816
306,2021-03-12,171.62,171.65,171.05,171.12,733.60K,-0.30%,0.5999999999999943,0.010000000000019327,0.589999999999975,0.5999999999999943,0.08178571428571386
307,2021-03-15,171.32,171.87,171.2,171.78,653.50K,0.39%,0.6700000000000159,0.75,0.07999999999998408,0.75,0.08102040816326485
308,2021-03-16,171.77,172.0,171.64,171.78,689.01K,0.00%,0.36000000000001364,0.21999999999999886,0.14000000000001478,0.36000000000001364,0.07816326530612212
309,2021-03-17,171.68,171.8,170.98,171.08,817.35K,-0.41%,0.8200000000000216,0.020000000000010232,0.8000000000000114,0.8200000000000216,0.07127551020408149
310,2021-03-18,171.44,171.47,170.52,170.72,960.18K,-0.21%,0.9499999999999886,0.38999999999998636,0.5600000000000023,0.9499999999999886,0.06693877551020395
311,2021-03-19,170.96,171.43,170.93,171.22,664.88K,0.29%,0.5,0.710000000000008,0.21000000000000796,0.710000000000008,0.06367346938775505
312,2021-03-22,171.3,171.8,171.23,171.49,584.36K,0.16%,0.5700000000000216,0.5800000000000125,0.009999999999990905,0.5800000000000125,0.06260204081632643
313,2021-03-23,171.54,172.17,171.42,171.92,775.98K,0.25%,0.75,0.6799999999999784,0.0700000000000216,0.75,0.06020408163265297
314,2021-03-24,172.19,172.44,171.93,172.17,700.32K,0.15%,0.5099999999999909,0.5200000000000102,0.010000000000019327,0.5200000000000102,0.058775510204081685
315,2021-03-25,172.3,172.66,172.15,172.58,641.25K,0.24%,0.5099999999999909,0.4900000000000091,0.01999999999998181,0.5099999999999909,0.05806122448979589
316,2021-03-26,172.56,172.58,171.91,172.12,628.46K,-0.27%,0.6700000000000159,0.0,0.6700000000000159,0.6700000000000159,0.0600000000000001
317,2021-03-29,172.08,172.34,171.45,171.62,623.82K,-0.29%,0.8900000000000148,0.21999999999999886,0.6700000000000159,0.8900000000000148,0.048316326530612526
318,2021-03-30,171.53,171.56,170.71,171.0,932.15K,-0.36%,0.8499999999999943,0.060000000000002274,0.9099999999999966,0.9099999999999966,0.05061224489795941
319,2021-03-31,171.14,171.4,170.88,171.28,771.11K,0.16%,0.5200000000000102,0.4000000000000057,0.12000000000000455,0.5200000000000102,0.0486734693877555
320,2021-04-01,171.1,171.86,171.07,171.83,571.20K,0.32%,0.7900000000000205,0.5800000000000125,0.21000000000000796,0.7900000000000205,0.04964285714285767
321,2021-04-02,171.73,171.73,171.73,171.73,-,-0.06%,0.0,0.10000000000002274,0.10000000000002274,0.10000000000002274,0.046326530612245544
322,2021-04-06,171.55,171.89,171.32,171.68,595.43K,-0.03%,0.5699999999999932,0.1599999999999966,0.4099999999999966,0.5699999999999932,0.04739795918367401
323,2021-04-07,171.67,172.06,171.6,171.67,666.40K,-0.01%,0.46000000000000796,0.37999999999999545,0.0800000000000125,0.46000000000000796,0.04556122448979639
324,2021-04-08,171.67,172.12,171.63,171.89,573.51K,0.13%,0.4900000000000091,0.45000000000001705,0.03999999999999204,0.4900000000000091,0.043214285714286295
325,2021-04-09,171.98,172.07,171.15,171.37,734.48K,-0.30%,0.9199999999999875,0.18000000000000682,0.7399999999999807,0.9199999999999875,0.044285714285714754
326,2021-04-12,171.25,171.87,171.23,171.3,664.71K,-0.04%,0.6400000000000148,0.5,0.14000000000001478,0.6400000000000148,0.04459183673469436
327,2021-04-13,171.22,171.54,170.98,171.26,852.16K,-0.02%,0.5600000000000023,0.23999999999998067,0.3200000000000216,0.5600000000000023,0.04362244897959233
328,2021-04-14,171.57,171.62,170.66,170.87,748.30K,-0.23%,0.960000000000008,0.36000000000001364,0.5999999999999943,0.960000000000008,0.04586734693877599
329,2021-04-15,170.66,171.52,170.6,171.33,775.72K,0.27%,0.9200000000000159,0.6500000000000057,0.27000000000001023,0.9200000000000159,0.04795918367347
330,2021-04-16,171.28,171.31,170.77,170.91,647.84K,-0.25%,0.539999999999992,0.020000000000010232,0.5600000000000023,0.5600000000000023,0.04739795918367401
331,2021-04-19,170.94,171.07,170.17,170.48,819.39K,-0.25%,0.9000000000000057,0.1599999999999966,0.7400000000000091,0.9000000000000057,0.04744897959183723
332,2021-04-20,170.38,170.93,170.09,170.74,820.26K,0.15%,0.8400000000000034,0.45000000000001705,0.38999999999998636,0.8400000000000034,0.04709183673469441
333,2021-04-21,170.82,171.12,170.61,170.88,697.04K,0.08%,0.5099999999999909,0.37999999999999545,0.12999999999999545,0.5099999999999909,0.047040816326531044
334,2021-04-22,171.02,171.27,170.53,170.94,845.85K,0.04%,0.7400000000000091,0.3900000000000148,0.3499999999999943,0.7400000000000091,0.04678571428571466
335,2021-04-23,171.02,171.13,170.67,170.83,617.36K,-0.06%,0.46000000000000796,0.18999999999999773,0.27000000000001023,0.46000000000000796,0.04862244897959213
336,2021-04-26,170.75,170.95,170.46,170.83,576.13K,0.00%,0.4899999999999807,0.11999999999997613,0.37000000000000455,0.4899999999999807,0.048214285714285945
337,2021-04-27,170.75,170.91,170.51,170.76,564.46K,-0.04%,0.4000000000000057,0.07999999999998408,0.3200000000000216,0.4000000000000057,0.04790816326530634
338,2021-04-28,170.59,170.67,170.04,170.48,803.04K,-0.16%,0.6299999999999955,0.09000000000000341,0.7199999999999989,0.7199999999999989,0.04908163265306139
339,2021-04-29,170.61,170.64,169.66,169.88,929.25K,-0.35%,0.9799999999999898,0.1599999999999966,0.8199999999999932,0.9799999999999898,0.049387755102041
340,2021-04-30,169.79,170.19,169.77,170.0,746.52K,0.07%,0.4199999999999875,0.3100000000000023,0.10999999999998522,0.4199999999999875,0.04826530612244902
341,2021-05-03,169.98,170.34,169.47,170.16,611.31K,0.09%,0.8700000000000045,0.3400000000000034,0.5300000000000011,0.8700000000000045,0.04984693877551026
342,2021-05-04,170.15,170.8,169.89,170.66,877.24K,0.29%,0.910000000000025,0.6400000000000148,0.27000000000001023,0.910000000000025,0.04959183673469402
343,2021-05-05,170.62,170.64,170.2,170.47,705.69K,-0.11%,0.4399999999999977,0.020000000000010232,0.46000000000000796,0.46000000000000796,0.047244897959183775
344,2021-05-06,170.57,170.88,170.23,170.59,823.07K,0.07%,0.6500000000000057,0.4099999999999966,0.2400000000000091,0.6500000000000057,0.047704081632653175
345,2021-05-07,170.43,170.98,170.2,170.47,1.00M,-0.07%,0.7800000000000011,0.38999999999998636,0.3900000000000148,0.7800000000000011,0.04709183673469397
346,2021-05-10,170.18,170.32,169.97,170.29,561.91K,-0.11%,0.3499999999999943,0.15000000000000568,0.5,0.5,0.04535714285714293
347,2021-05-11,170.13,170.25,169.39,169.45,997.63K,-0.49%,0.8600000000000136,0.03999999999999204,0.9000000000000057,0.9000000000000057,0.04734693877551035
348,2021-05-12,169.42,169.77,168.83,168.94,964.25K,-0.30%,0.9399999999999977,0.3200000000000216,0.6199999999999761,0.9399999999999977,0.048367346938775604
349,2021-05-13,168.8,169.08,168.59,168.89,801.72K,-0.03%,0.4900000000000091,0.14000000000001478,0.3499999999999943,0.4900000000000091,0.04852040816326541
350,2021-05-14,169.02,169.21,168.77,168.98,739.61K,0.05%,0.4399999999999977,0.3200000000000216,0.11999999999997613,0.4399999999999977,0.04826530612244916
351,2021-05-17,169.13,169.35,168.67,168.86,778.72K,-0.07%,0.6800000000000068,0.37000000000000455,0.3100000000000023,0.6800000000000068,0.0496938775510206
352,2021-05-18,168.83,169.14,168.69,168.82,842.70K,-0.02%,0.44999999999998863,0.2799999999999727,0.17000000000001592,0.44999999999998863,0.04831632653061239
353,2021-05-19,168.76,169.12,168.29,168.9,1.01M,0.05%,0.8300000000000125,0.30000000000001137,0.5300000000000011,0.8300000000000125,0.047551020408163516
354,2021-05-20,168.63,168.92,168.48,168.84,705.69K,-0.04%,0.4399999999999977,0.01999999999998181,0.4200000000000159,0.4399999999999977,0.047653061224490104
355,2021-05-21,168.82,169.31,168.75,169.14,770.58K,0.18%,0.5600000000000023,0.46999999999999886,0.09000000000000341,0.5600000000000023,0.04607142857142887
356,2021-05-24,169.18,169.41,169.02,169.32,465.55K,0.11%,0.38999999999998636,0.27000000000001023,0.11999999999997613,0.38999999999998636,0.04341836734693887
357,2021-05-25,169.37,169.92,169.29,169.69,819.33K,0.22%,0.6299999999999955,0.5999999999999943,0.030000000000001137,0.6299999999999955,0.04428571428571432
358,2021-05-26,169.88,170.4,169.69,170.29,872.00K,0.35%,0.710000000000008,0.710000000000008,0.0,0.710000000000008,0.04459183673469392
359,2021-05-27,170.3,170.38,169.68,169.79,784.83K,-0.29%,0.6999999999999886,0.09000000000000341,0.6099999999999852,0.6999999999999886,0.04418367346938774
360,2021-05-28,169.81,170.08,169.53,169.94,731.71K,0.09%,0.5500000000000114,0.29000000000002046,0.2599999999999909,0.5500000000000114,0.04443877551020412
361,2021-05-31,169.87,170.08,169.48,169.94,487.14K,0.00%,0.6000000000000227,0.14000000000001478,0.46000000000000796,0.6000000000000227,0.042908163265306255
362,2021-06-01,170.06,170.15,169.68,169.83,1.18M,-0.06%,0.46999999999999886,0.21000000000000796,0.2599999999999909,0.46999999999999886,0.04051020408163279
363,2021-06-02,169.92,170.2,169.88,170.15,1.33M,0.19%,0.3199999999999932,0.3699999999999761,0.04999999999998295,0.3699999999999761,0.039897959183673434
364,2021-06-03,170.17,170.2,169.81,169.94,1.17M,-0.12%,0.38999999999998636,0.04999999999998295,0.3400000000000034,0.38999999999998636,0.03964285714285705
365,2021-06-04,169.9,170.43,169.84,170.33,753.54K,0.23%,0.5900000000000034,0.4900000000000091,0.09999999999999432,0.5900000000000034,0.03918367346938765
366,2021-06-07,170.29,170.4,170.05,170.12,156.25K,-0.12%,0.3499999999999943,0.06999999999999318,0.28000000000000114,0.3499999999999943,0.03867346938775502
367,2021-06-08,170.15,170.35,170.09,170.23,16.19K,0.06%,0.2599999999999909,0.22999999999998977,0.030000000000001137,0.2599999999999909,0.035765306122448784
368,2021-06-09,172.11,172.85,172.08,172.56,715.68K,1.37%,0.7699999999999818,2.6200000000000045,1.8500000000000227,2.6200000000000045,0.046887755102040664
369,2021-06-10,172.55,172.88,171.97,172.53,796.97K,-0.02%,0.9099999999999966,0.3199999999999932,0.5900000000000034,0.9099999999999966,0.048673469387754915
370,2021-06-11,172.87,173.16,172.79,172.88,570.97K,0.20%,0.37000000000000455,0.6299999999999955,0.2599999999999909,0.6299999999999955,0.04989795918367333
371,2021-06-14,172.91,173.04,172.52,172.64,440.45K,-0.14%,0.5199999999999818,0.1599999999999966,0.3599999999999852,0.5199999999999818,0.049336734693877345
372,2021-06-15,172.62,172.8,172.25,172.32,686.03K,-0.19%,0.5500000000000114,0.160000000000025,0.38999999999998636,0.5500000000000114,0.04852040816326512
373,2021-06-16,172.3,172.66,171.91,172.53,555.13K,0.12%,0.75,0.3400000000000034,0.4099999999999966,0.75,0.048775510204081496
374,2021-06-17,171.97,172.7,171.8,172.44,802.66K,-0.05%,0.8999999999999773,0.1699999999999875,0.7299999999999898,0.8999999999999773,0.05056122448979561
375,2021-06-18,172.47,172.88,172.36,172.6,826.46K,0.09%,0.5199999999999818,0.4399999999999977,0.07999999999998408,0.5199999999999818,0.05015306122448928
376,2021-06-21,172.69,173.03,171.93,172.16,770.50K,-0.25%,1.0999999999999943,0.4300000000000068,0.6699999999999875,1.0999999999999943,0.05336734693877497
377,2021-06-22,172.12,172.2,171.67,171.95,677.71K,-0.12%,0.5300000000000011,0.03999999999999204,0.4900000000000091,0.5300000000000011,0.05418367346938734
378,2021-06-23,172.02,172.46,171.76,172.17,686.92K,0.13%,0.700000000000017,0.5100000000000193,0.18999999999999773,0.700000000000017,0.055765306122448725
379,2021-06-24,172.21,172.39,171.88,172.33,573.16K,0.09%,0.5099999999999909,0.21999999999999886,0.28999999999999204,0.5099999999999909,0.05535714285714254
380,2021-06-25,172.24,172.3,171.68,171.77,551.49K,-0.32%,0.6200000000000045,0.030000000000001137,0.6500000000000057,0.6500000000000057,0.05688775510204056
381,2021-06-28,171.79,172.34,171.71,172.26,496.38K,0.29%,0.6299999999999955,0.5699999999999932,0.060000000000002274,0.6299999999999955,0.058775510204081394
382,2021-06-29,172.25,172.33,171.86,172.07,666.53K,-0.11%,0.46999999999999886,0.0700000000000216,0.39999999999997726,0.46999999999999886,0.047806122448979325
383,2021-06-30,172.13,172.74,171.98,172.61,724.06K,0.31%,0.7600000000000193,0.6700000000000159,0.09000000000000341,0.7600000000000193,0.04704081632653046
384,2021-07-01,172.5,172.69,172.22,172.54,666.57K,-0.04%,0.46999999999999886,0.07999999999998408,0.3900000000000148,0.46999999999999886,0.046224489795918235
385,2021-07-02,172.62,173.19,172.54,173.09,692.35K,0.32%,0.6500000000000057,0.6500000000000057,0.0,0.6500000000000057,0.0468877551020408
386,2021-07-05,173.12,173.18,172.65,172.7,344.34K,-0.23%,0.5300000000000011,0.09000000000000341,0.4399999999999977,0.5300000000000011,0.04678571428571422
387,2021-07-06,172.72,173.65,172.49,173.6,753.36K,0.52%,1.1599999999999966,0.950000000000017,0.20999999999997954,1.1599999999999966,0.04887755102040808
388,2021-07-07,173.6,174.27,173.46,174.02,782.43K,0.24%,0.8100000000000023,0.6700000000000159,0.13999999999998636,0.8100000000000023,0.04841836734693882
389,2021-07-08,174.16,174.77,174.09,174.34,892.13K,0.18%,0.6800000000000068,0.75,0.06999999999999318,0.75,0.04959183673469402
390,2021-07-09,174.16,174.32,173.87,173.9,552.53K,-0.25%,0.44999999999998863,0.020000000000010232,0.46999999999999886,0.46999999999999886,0.046377551020408324
391,2021-07-12,173.91,174.32,173.91,174.05,456.60K,0.09%,0.4099999999999966,0.4199999999999875,0.009999999999990905,0.4199999999999875,0.045816326530612336
392,2021-07-13,174.05,174.31,173.7,174.12,802.45K,0.04%,0.6100000000000136,0.2599999999999909,0.35000000000002274,0.6100000000000136,0.04535714285714293
393,2021-07-14,173.72,174.49,173.7,174.34,612.53K,0.13%,0.7900000000000205,0.37000000000000455,0.4200000000000159,0.7900000000000205,0.04678571428571451
394,2021-07-15,174.55,174.9,174.45,174.58,623.77K,0.14%,0.45000000000001705,0.5600000000000023,0.10999999999998522,0.5600000000000023,0.046326530612245106
395,2021-07-16,174.86,175.04,174.65,174.87,451.48K,0.17%,0.38999999999998636,0.45999999999997954,0.06999999999999318,0.45999999999997954,0.045459183673469516
396,2021-07-19,175.15,175.72,175.02,175.52,742.94K,0.37%,0.6999999999999886,0.8499999999999943,0.15000000000000568,0.8499999999999943,0.04739795918367357
397,2021-07-20,175.48,176.28,175.41,175.85,912.58K,0.19%,0.8700000000000045,0.7599999999999909,0.11000000000001364,0.8700000000000045,0.047959183673469415
398,2021-07-21,175.77,176.11,175.41,175.53,755.38K,-0.18%,0.700000000000017,0.2600000000000193,0.4399999999999977,0.700000000000017,0.049132653061224614
399,2021-07-22,175.54,176.15,175.24,175.94,695.78K,0.23%,0.9099999999999966,0.6200000000000045,0.28999999999999204,0.9099999999999966,0.050459183673469465
400,2021-07-23,175.9,175.97,175.56,175.81,476.08K,-0.07%,0.4099999999999966,0.030000000000001137,0.37999999999999545,0.4099999999999966,0.04984693877551026
401,2021-07-26,176.0,176.42,175.62,175.83,541.47K,0.01%,0.799999999999983,0.6099999999999852,0.18999999999999773,0.799999999999983,0.04801020408163264
402,2021-07-27,175.88,176.37,175.82,176.26,503.70K,0.24%,0.5500000000000114,0.539999999999992,0.010000000000019327,0.5500000000000114,0.04668367346938779
403,2021-07-28,176.27,176.66,176.2,176.41,628.19K,0.09%,0.46000000000000796,0.4000000000000057,0.060000000000002274,0.46000000000000796,0.045204081632653124
404,2021-07-29,176.57,176.67,176.03,176.44,594.92K,0.02%,0.6399999999999864,0.2599999999999909,0.37999999999999545,0.6399999999999864,0.04607142857142858
405,2021-07-30,176.54,176.73,176.29,176.57,584.90K,0.07%,0.4399999999999977,0.28999999999999204,0.15000000000000568,0.4399999999999977,0.04617346938775516
406,2021-08-02,176.55,177.07,176.35,176.82,504.55K,0.14%,0.7199999999999989,0.5,0.21999999999999886,0.7199999999999989,0.046734693877551005
407,2021-08-03,176.82,177.12,176.67,176.97,459.06K,0.08%,0.45000000000001705,0.30000000000001137,0.15000000000000568,0.45000000000001705,0.04499999999999997
408,2021-08-04,177.01,177.52,176.85,176.94,661.16K,-0.02%,0.6700000000000159,0.5500000000000114,0.12000000000000455,0.6700000000000159,0.04556122448979595
409,2021-08-05,177.16,177.61,177.05,177.29,561.19K,0.20%,0.5600000000000023,0.6700000000000159,0.11000000000001364,0.6700000000000159,0.04663265306122471
410,2021-08-06,177.2,177.27,176.47,176.5,580.95K,-0.45%,0.8000000000000114,0.01999999999998181,0.8199999999999932,0.8199999999999932,0.046479591836734904
411,2021-08-09,176.45,176.91,176.39,176.52,405.68K,0.01%,0.5200000000000102,0.4099999999999966,0.11000000000001364,0.5200000000000102,0.04469387755102065
412,2021-08-10,176.6,176.95,176.41,176.59,451.13K,0.04%,0.539999999999992,0.4299999999999784,0.11000000000001364,0.539999999999992,0.04387755102040828
413,2021-08-11,176.55,176.83,176.21,176.57,579.58K,-0.01%,0.6200000000000045,0.2400000000000091,0.37999999999999545,0.6200000000000045,0.042397959183673624
414,2021-08-12,176.76,176.77,176.35,176.58,416.08K,0.01%,0.4200000000000159,0.20000000000001705,0.21999999999999886,0.4200000000000159,0.04244897959183699
415,2021-08-13,176.52,176.8,176.29,176.64,394.18K,0.03%,0.5100000000000193,0.21999999999999886,0.29000000000002046,0.5100000000000193,0.040969387755102483
416,2021-08-16,176.86,177.07,176.48,176.8,468.51K,0.09%,0.5900000000000034,0.4300000000000068,0.1599999999999966,0.5900000000000034,0.041173469387755506
417,2021-08-17,176.75,177.24,176.68,176.8,510.27K,0.00%,0.5600000000000023,0.4399999999999977,0.12000000000000455,0.5600000000000023,0.04168367346938812
418,2021-08-18,176.81,177.08,176.71,176.92,430.20K,0.07%,0.37000000000000455,0.28000000000000114,0.09000000000000341,0.37000000000000455,0.04030612244898006
419,2021-08-19,177.01,177.24,176.86,177.04,518.03K,0.07%,0.37999999999999545,0.3200000000000216,0.05999999999997385,0.37999999999999545,0.04000000000000046
420,2021-08-20,177.02,177.22,176.99,177.15,318.42K,0.06%,0.22999999999998977,0.18000000000000682,0.04999999999998295,0.22999999999998977,0.03750000000000041
421,2021-08-23,177.1,177.16,176.56,176.89,507.28K,-0.15%,0.5999999999999943,0.009999999999990905,0.5900000000000034,0.5999999999999943,0.03826530612244927
422,2021-08-24,176.93,177.08,176.66,176.83,518.08K,-0.03%,0.4200000000000159,0.19000000000002615,0.22999999999998977,0.4200000000000159,0.03698979591836764
423,2021-08-25,176.77,176.87,175.91,175.98,811.47K,-0.48%,0.960000000000008,0.03999999999999204,0.9200000000000159,0.960000000000008,0.03846938775510229
424,2021-08-26,175.91,176.14,175.71,175.93,736.49K,-0.03%,0.4299999999999784,0.1599999999999966,0.2699999999999818,0.4299999999999784,0.03647959183673487
425,2021-08-27,175.86,176.11,175.66,175.99,540.73K,0.03%,0.45000000000001705,0.18000000000000682,0.27000000000001023,0.45000000000001705,0.03612244897959205
426,2021-08-30,176.11,176.4,175.83,176.28,387.01K,0.16%,0.5699999999999932,0.4099999999999966,0.1599999999999966,0.5699999999999932,0.03627551020408185
427,2021-08-31,176.46,176.48,175.34,175.45,996.21K,-0.47%,1.1399999999999864,0.19999999999998863,0.9399999999999977,1.1399999999999864,0.03892857142857155
428,2021-09-01,175.35,175.5,174.98,175.23,1.14M,-0.13%,0.5200000000000102,0.05000000000001137,0.46999999999999886,0.5200000000000102,0.03943877551020418
429,2021-09-02,175.23,175.65,175.2,175.47,1.46M,0.14%,0.45000000000001705,0.4200000000000159,0.030000000000001137,0.45000000000001705,0.03913265306122458
430,2021-09-03,175.42,175.64,174.9,175.17,1.17M,-0.17%,0.7399999999999807,0.1699999999999875,0.5699999999999932,0.7399999999999807,0.039897959183673434
431,2021-09-06,175.09,175.27,174.9,175.25,512.63K,0.05%,0.37000000000000455,0.10000000000002274,0.2699999999999818,0.37000000000000455,0.03892857142857141
432,2021-09-07,175.1,175.18,174.36,174.49,186.56K,-0.43%,0.8199999999999932,0.06999999999999318,0.8899999999999864,0.8899999999999864,0.041581632653061106
433,2021-09-08,174.44,174.71,174.33,174.6,9.31K,0.06%,0.37999999999999545,0.21999999999999886,0.1599999999999966,0.37999999999999545,0.041581632653061106
434,2021-09-09,171.69,172.48,171.59,172.28,763.55K,-1.33%,0.8899999999999864,2.1200000000000045,3.009999999999991,3.009999999999991,0.055765306122448864
435,2021-09-10,172.44,172.46,171.71,171.88,521.58K,-0.23%,0.75,0.18000000000000682,0.5699999999999932,0.75,0.056530612244897874
436,2021-09-13,171.71,171.92,171.62,171.8,418.82K,-0.05%,0.29999999999998295,0.03999999999999204,0.2599999999999909,0.29999999999998295,0.05591836734693852
437,2021-09-14,171.7,172.12,171.33,171.91,807.83K,0.06%,0.789999999999992,0.3199999999999932,0.46999999999999886,0.789999999999992,0.05505102040816294
438,2021-09-15,171.86,172.07,171.34,171.57,727.41K,-0.20%,0.7299999999999898,0.1599999999999966,0.5699999999999932,0.7299999999999898,0.05658163265306095
439,2021-09-16,171.48,171.53,171.1,171.43,684.75K,-0.08%,0.4300000000000068,0.03999999999999204,0.46999999999999886,0.46999999999999886,0.056683673469387394
440,2021-09-17,171.2,171.32,170.81,171.0,675.36K,-0.25%,0.5099999999999909,0.11000000000001364,0.6200000000000045,0.6200000000000045,0.05693877551020377
441,2021-09-20,171.01,171.84,170.99,171.55,702.85K,0.32%,0.8499999999999943,0.8400000000000034,0.009999999999990905,0.8499999999999943,0.05545918367346912
442,2021-09-21,171.7,171.96,171.27,171.74,652.92K,0.11%,0.6899999999999977,0.4099999999999966,0.28000000000000114,0.6899999999999977,0.05632653061224457
443,2021-09-22,171.69,171.93,171.41,171.74,584.54K,0.00%,0.5200000000000102,0.18999999999999773,0.3300000000000125,0.5200000000000102,0.056683673469387394
444,2021-09-23,171.67,171.72,170.6,170.7,905.35K,-0.61%,1.1200000000000045,0.020000000000010232,1.1400000000000148,1.1400000000000148,0.058724489795918176
445,2021-09-24,170.59,170.62,170.14,170.3,803.94K,-0.23%,0.4800000000000182,0.07999999999998408,0.5600000000000023,0.5600000000000023,0.0596938775510202
446,2021-09-27,170.33,170.68,169.73,170.17,786.12K,-0.08%,0.950000000000017,0.37999999999999545,0.5700000000000216,0.950000000000017,0.05999999999999995
447,2021-09-28,170.25,170.31,169.48,169.86,943.32K,-0.18%,0.8300000000000125,0.14000000000001478,0.6899999999999977,0.8300000000000125,0.06229591836734698
448,2021-09-29,169.65,170.32,169.61,170.15,737.21K,0.17%,0.7099999999999795,0.45999999999997954,0.25,0.7099999999999795,0.0505612244897959
449,2021-09-30,170.12,170.19,169.56,169.82,942.18K,-0.19%,0.6299999999999955,0.03999999999999204,0.5900000000000034,0.6299999999999955,0.049948979591836695
450,2021-10-01,170.03,170.53,169.92,170.22,781.48K,0.24%,0.6100000000000136,0.710000000000008,0.09999999999999432,0.710000000000008,0.052040816326530695
451,2021-10-04,170.45,170.55,169.92,170.11,604.57K,-0.06%,0.6300000000000239,0.3300000000000125,0.30000000000001137,0.6300000000000239,0.051224489795918614
452,2021-10-05,170.17,170.39,169.64,169.66,704.30K,-0.26%,0.75,0.2799999999999727,0.4700000000000273,0.75,0.051326530612245194
453,2021-10-06,169.63,169.91,169.12,169.65,923.81K,-0.01%,0.789999999999992,0.25,0.539999999999992,0.789999999999992,0.052959183673469655
454,2021-10-07,169.53,170.0,169.4,169.71,706.34K,0.04%,0.5999999999999943,0.3499999999999943,0.25,0.5999999999999943,0.05285714285714307
455,2021-10-08,169.55,169.69,169.11,169.22,832.29K,-0.29%,0.5799999999999841,0.020000000000010232,0.5999999999999943,0.5999999999999943,0.05158163265306144
456,2021-10-11,169.1,169.11,168.57,168.78,547.63K,-0.26%,0.5400000000000205,0.10999999999998522,0.6500000000000057,0.6500000000000057,0.05137755102040842
457,2021-10-12,168.83,169.0,168.21,168.41,1.07M,-0.22%,0.789999999999992,0.21999999999999886,0.5699999999999932,0.789999999999992,0.052755102040816494
458,2021-10-13,168.34,169.12,168.31,168.94,1.13M,0.31%,0.8100000000000023,0.710000000000008,0.09999999999999432,0.8100000000000023,0.05107142857142867
459,2021-10-14,168.86,169.92,168.64,169.65,984.02K,0.42%,1.2800000000000011,0.9799999999999898,0.30000000000001137,1.2800000000000011,0.05474489795918376
460,2021-10-15,169.84,169.84,169.17,169.56,670.47K,-0.05%,0.6700000000000159,0.18999999999999773,0.4800000000000182,0.6700000000000159,0.053316326530612336
461,2021-10-18,169.22,169.3,168.64,169.11,913.62K,-0.27%,0.660000000000025,0.2599999999999909,0.9200000000000159,0.9200000000000159,0.053775510204081736
462,2021-10-19,169.08,169.48,168.34,168.54,846.46K,-0.34%,1.1399999999999864,0.3699999999999761,0.7700000000000102,1.1399999999999864,0.05596938775510218
463,2021-10-20,168.26,168.87,168.08,168.71,678.20K,0.10%,0.789999999999992,0.3300000000000125,0.45999999999997954,0.789999999999992,0.056785714285714405
464,2021-10-21,168.5,168.8,167.92,168.25,722.50K,-0.27%,0.8800000000000239,0.09000000000000341,0.7900000000000205,0.8800000000000239,0.057653061224489995
465,2021-10-22,167.9,168.55,167.84,168.28,758.78K,0.02%,0.710000000000008,0.30000000000001137,0.4099999999999966,0.710000000000008,0.058061224489796046
466,2021-10-25,168.44,168.68,168.07,168.65,583.71K,0.22%,0.6100000000000136,0.4000000000000057,0.21000000000000796,0.6100000000000136,0.05734693877551039
467,2021-10-26,168.56,168.97,168.4,168.69,630.95K,0.02%,0.5699999999999932,0.3199999999999932,0.25,0.5699999999999932,0.05622448979591856
468,2021-10-27,168.78,169.83,168.51,169.54,958.58K,0.50%,1.3200000000000216,1.1400000000000148,0.18000000000000682,1.3200000000000216,0.059897959183673806
469,2021-10-28,169.61,169.65,168.29,169.06,1.27M,-0.28%,1.3600000000000136,0.11000000000001364,1.25,1.3600000000000136,0.06377551020408206
470,2021-10-29,168.95,168.98,167.71,168.12,1.35M,-0.56%,1.2699999999999818,0.0800000000000125,1.3499999999999943,1.3499999999999943,0.06734693877551058
471,2021-11-01,168.18,168.56,167.69,168.15,740.86K,0.02%,0.8700000000000045,0.4399999999999977,0.4300000000000068,0.8700000000000045,0.06775510204081676
472,2021-11-02,168.39,169.36,168.31,169.33,875.01K,0.70%,1.0500000000000114,1.210000000000008,0.1599999999999966,1.210000000000008,0.06979591836734741
473,2021-11-03,169.25,169.7,168.98,169.34,803.10K,0.01%,0.7199999999999989,0.3699999999999761,0.35000000000002274,0.7199999999999989,0.06693877551020454
474,2021-11-04,169.17,170.33,169.03,170.21,894.29K,0.51%,1.3000000000000114,0.9900000000000091,0.3100000000000023,1.3000000000000114,0.07015306122449023
475,2021-11-05,170.16,171.24,170.06,171.07,850.91K,0.51%,1.1800000000000068,1.0300000000000011,0.15000000000000568,1.1800000000000068,0.07147959183673509
476,2021-11-08,171.1,171.12,170.43,170.69,556.85K,-0.22%,0.6899999999999977,0.05000000000001137,0.6399999999999864,0.6899999999999977,0.06918367346938821
477,2021-11-09,170.6,171.44,170.52,171.25,709.92K,0.33%,0.9199999999999875,0.75,0.1699999999999875,0.9199999999999875,0.06984693877551063
478,2021-11-10,171.26,171.38,170.27,170.69,843.97K,-0.33%,1.1099999999999852,0.12999999999999545,0.9799999999999898,1.1099999999999852,0.07102040816326553
479,2021-11-11,170.41,170.87,170.21,170.42,582.16K,-0.16%,0.6599999999999966,0.18000000000000682,0.47999999999998977,0.6599999999999966,0.07076530612244915
480,2021-11-12,170.5,171.07,170.32,170.85,676.53K,0.25%,0.75,0.6500000000000057,0.09999999999999432,0.75,0.07147959183673479
481,2021-11-15,171.01,171.4,170.42,170.75,628.91K,-0.06%,0.9800000000000182,0.5500000000000114,0.4300000000000068,0.9800000000000182,0.0735714285714288
482,2021-11-16,170.54,170.86,170.36,170.77,618.97K,0.01%,0.5,0.11000000000001364,0.38999999999998636,0.5,0.06938775510204094
483,2021-11-17,170.62,170.97,170.55,170.77,537.00K,0.00%,0.4199999999999875,0.19999999999998863,0.21999999999999886,0.4199999999999875,0.06459183673469386
484,2021-11-18,170.94,171.38,170.88,171.24,640.49K,0.28%,0.5,0.6099999999999852,0.10999999999998522,0.6099999999999852,0.06081632653061218
485,2021-11-19,171.21,172.42,171.0,172.32,891.76K,0.63%,1.4199999999999875,1.1799999999999784,0.2400000000000091,1.4199999999999875,0.06362244897959168
486,2021-11-22,172.19,172.57,171.53,171.77,644.23K,-0.32%,1.039999999999992,0.25,0.789999999999992,1.039999999999992,0.0627551020408161
487,2021-11-23,171.68,171.7,170.56,170.81,784.69K,-0.56%,1.1399999999999864,0.0700000000000216,1.210000000000008,1.210000000000008,0.06525510204081614
488,2021-11-24,170.74,171.18,170.31,170.54,793.13K,-0.16%,0.8700000000000045,0.37000000000000455,0.5,0.8700000000000045,0.0630612244897957
489,2021-11-25,170.6,171.06,170.6,170.98,349.08K,0.26%,0.46000000000000796,0.5200000000000102,0.060000000000002274,0.5200000000000102,0.0596938775510202
490,2021-11-26,171.19,172.46,171.14,172.34,879.09K,0.80%,1.3200000000000216,1.4800000000000182,0.1599999999999966,1.4800000000000182,0.06372448979591827
491,2021-11-29,172.03,172.38,171.65,172.02,671.18K,-0.19%,0.7299999999999898,0.03999999999999204,0.6899999999999977,0.7299999999999898,0.06275510204081623
492,2021-11-30,171.99,172.71,171.84,172.37,1.02M,0.20%,0.8700000000000045,0.6899999999999977,0.18000000000000682,0.8700000000000045,0.06153061224489797
493,2021-12-01,172.19,172.59,171.63,172.07,1.05M,-0.17%,0.960000000000008,0.21999999999999886,0.7400000000000091,0.960000000000008,0.06306122448979598
494,2021-12-02,172.47,173.06,172.12,172.75,1.42M,0.40%,0.9399999999999977,0.9900000000000091,0.05000000000001137,0.9900000000000091,0.0642857142857144
495,2021-12-03,172.83,173.14,172.41,172.77,1.12M,0.01%,0.7299999999999898,0.38999999999998636,0.3400000000000034,0.7299999999999898,0.06301020408163263
496,2021-12-06,172.92,173.01,172.6,172.91,662.45K,0.08%,0.4099999999999966,0.23999999999998067,0.17000000000001592,0.4099999999999966,0.06255102040816322
497,2021-12-07,172.69,172.79,172.27,172.53,117.81K,-0.22%,0.5199999999999818,0.12000000000000455,0.6399999999999864,0.6399999999999864,0.06367346938775505
498,2021-12-08,172.54,172.96,172.4,172.86,8.24K,0.19%,0.5600000000000023,0.4300000000000068,0.12999999999999545,0.5600000000000023,0.06341836734693881
499,2021-12-09,173.59,174.31,173.44,174.19,464.44K,0.77%,0.8700000000000045,1.4499999999999886,0.5799999999999841,1.4499999999999886,0.06357142857142861
500,2021-12-10,174.13,174.27,173.78,174.24,448.42K,0.03%,0.4900000000000091,0.0800000000000125,0.4099999999999966,0.4900000000000091,0.06076530612244911
501,2021-12-13,173.91,174.7,173.89,174.68,359.93K,0.25%,0.8100000000000023,0.45999999999997954,0.35000000000002274,0.8100000000000023,0.05872448979591847
502,2021-12-14,174.64,174.75,174.18,174.46,394.66K,-0.13%,0.5699999999999932,0.06999999999999318,0.5,0.5699999999999932,0.05719387755102045
503,2021-12-15,174.39,174.56,174.04,174.32,403.49K,-0.08%,0.5200000000000102,0.09999999999999432,0.4200000000000159,0.5200000000000102,0.05719387755102045
504,2021-12-16,174.09,174.44,173.43,174.05,667.66K,-0.15%,1.009999999999991,0.12000000000000455,0.8899999999999864,1.009999999999991,0.05479591836734684
505,2021-12-17,174.25,174.66,174.08,174.43,405.41K,0.22%,0.5799999999999841,0.6099999999999852,0.030000000000001137,0.6099999999999852,0.054183673469387635
506,2021-12-20,174.74,174.94,174.09,174.42,403.16K,-0.01%,0.8499999999999943,0.5099999999999909,0.3400000000000034,0.8499999999999943,0.05408163265306105
507,2021-12-21,174.23,174.44,173.23,173.31,476.94K,-0.64%,1.210000000000008,0.020000000000010232,1.1899999999999977,1.210000000000008,0.05535714285714268
508,2021-12-22,173.47,173.52,172.77,173.14,362.64K,-0.10%,0.75,0.21000000000000796,0.539999999999992,0.75,0.05413265306122427
509,2021-12-23,173.17,173.19,172.28,172.43,371.68K,-0.41%,0.9099999999999966,0.05000000000001137,0.8599999999999852,0.9099999999999966,0.05505102040816308
510,2021-12-24,172.54,172.54,172.54,172.54,-,0.06%,0.0,0.10999999999998522,0.10999999999998522,0.10999999999998522,0.05352040816326507
511,2021-12-27,172.48,172.64,172.08,172.41,180.06K,-0.08%,0.5599999999999739,0.09999999999999432,0.45999999999997954,0.5599999999999739,0.05311224489795887
512,2021-12-28,172.36,172.47,172.09,172.36,189.53K,-0.03%,0.37999999999999545,0.060000000000002274,0.3199999999999932,0.37999999999999545,0.05219387755102006
513,2021-12-29,172.31,172.42,171.31,171.51,325.49K,-0.49%,1.1099999999999852,0.05999999999997385,1.0500000000000114,1.1099999999999852,0.05045918367346903
514,2021-12-30,171.42,171.79,171.31,171.37,314.73K,-0.08%,0.47999999999998977,0.28000000000000114,0.19999999999998863,0.47999999999998977,0.050408163265305665
515,2022-01-03,171.36,171.53,170.55,170.74,492.41K,-0.37%,0.9799999999999898,0.1599999999999966,0.8199999999999932,0.9799999999999898,0.05127551020408111
516,2022-01-04,170.69,171.17,170.5,170.81,717.15K,0.04%,0.6699999999999875,0.4299999999999784,0.2400000000000091,0.6699999999999875,0.051785714285713734
517,2022-01-05,170.75,170.93,170.53,170.75,639.22K,-0.04%,0.4000000000000057,0.12000000000000455,0.28000000000000114,0.4000000000000057,0.05117346938775453
518,2022-01-06,170.53,170.61,169.95,170.34,762.90K,-0.24%,0.660000000000025,0.13999999999998636,0.8000000000000114,0.8000000000000114,0.05010204081632606
519,2022-01-07,170.45,170.53,169.88,170.0,613.34K,-0.20%,0.6500000000000057,0.18999999999999773,0.46000000000000796,0.6500000000000057,0.05030612244897923
520,2022-01-10,169.96,170.21,169.71,169.96,679.20K,-0.02%,0.5,0.21000000000000796,0.28999999999999204,0.5,0.04852040816326497
521,2022-01-11,169.92,170.2,169.57,169.79,771.35K,-0.10%,0.6299999999999955,0.23999999999998067,0.3900000000000148,0.6299999999999955,0.045561224489795514
522,2022-01-12,169.87,170.51,169.74,170.22,800.92K,0.25%,0.7699999999999818,0.7199999999999989,0.04999999999998295,0.7699999999999818,0.045663265306121956
523,2022-01-13,170.08,171.0,169.86,170.71,722.58K,0.29%,1.1399999999999864,0.7800000000000011,0.3599999999999852,1.1399999999999864,0.046836734693877
524,2022-01-14,170.83,170.95,169.87,170.08,708.78K,-0.37%,1.079999999999984,0.23999999999998067,0.8400000000000034,1.079999999999984,0.051785714285713734
525,2022-01-17,169.8,169.92,169.53,169.65,377.17K,-0.25%,0.38999999999998636,0.160000000000025,0.5500000000000114,0.5500000000000114,0.051734693877550655
526,2022-01-18,169.67,169.81,169.31,169.57,737.05K,-0.05%,0.5,0.1599999999999966,0.3400000000000034,0.5,0.05234693877550987
527,2022-01-19,169.3,169.54,168.95,169.38,772.80K,-0.11%,0.5900000000000034,0.030000000000001137,0.6200000000000045,0.6200000000000045,0.04984693877550996
528,2022-01-20,169.28,169.94,169.21,169.74,614.30K,0.21%,0.7299999999999898,0.5600000000000023,0.1699999999999875,0.7299999999999898,0.0511224489795916
529,2022-01-21,170.0,170.63,169.92,170.29,704.57K,0.32%,0.710000000000008,0.8899999999999864,0.1799999999999784,0.8899999999999864,0.050663265306122196
530,2022-01-24,170.23,171.07,170.1,170.87,740.08K,0.34%,0.9699999999999989,0.7800000000000011,0.18999999999999773,0.9699999999999989,0.052193877551020215
531,2022-01-25,170.62,170.89,170.26,170.66,794.72K,-0.12%,0.6299999999999955,0.01999999999998181,0.6100000000000136,0.6299999999999955,0.05336734693877526
532,2022-01-26,170.34,170.58,169.66,170.35,685.63K,-0.18%,0.9200000000000159,0.07999999999998408,1.0,1.0,0.05438775510204051
533,2022-01-27,169.78,170.42,169.67,170.16,788.20K,-0.11%,0.75,0.06999999999999318,0.6800000000000068,0.75,0.054897959183673135
534,2022-01-28,170.21,170.22,169.42,170.02,783.92K,-0.08%,0.8000000000000114,0.060000000000002274,0.7400000000000091,0.8000000000000114,0.056428571428571155
535,2022-01-31,169.91,169.93,168.81,169.11,935.28K,-0.54%,1.1200000000000045,0.09000000000000341,1.210000000000008,1.210000000000008,0.0593877551020406
536,2022-02-01,169.03,169.54,168.65,168.76,791.63K,-0.21%,0.8899999999999864,0.4299999999999784,0.46000000000000796,0.8899999999999864,0.05999999999999981
537,2022-02-02,168.81,169.17,168.41,168.66,759.46K,-0.06%,0.7599999999999909,0.4099999999999966,0.3499999999999943,0.7599999999999909,0.05806122448979575
538,2022-02-03,168.76,168.81,166.84,166.9,1.31M,-1.04%,1.9699999999999989,0.15000000000000568,1.8199999999999932,1.9699999999999989,0.06260204081632643
539,2022-02-04,166.89,167.0,165.72,166.02,1.27M,-0.53%,1.2800000000000011,0.09999999999999432,1.1800000000000068,1.2800000000000011,0.06632653061224475
540,2022-02-07,166.07,166.49,165.38,165.6,1.08M,-0.25%,1.1100000000000136,0.46999999999999886,0.6400000000000148,1.1100000000000136,0.06943877551020401
541,2022-02-08,165.71,166.11,165.03,165.18,1.09M,-0.25%,1.0800000000000125,0.5100000000000193,0.5699999999999932,1.0800000000000125,0.07178571428571424
542,2022-02-09,165.33,166.01,165.33,165.86,870.19K,0.41%,0.6799999999999784,0.8299999999999841,0.15000000000000568,0.8299999999999841,0.07229591836734688
543,2022-02-10,165.8,165.96,164.37,164.94,1.11M,-0.55%,1.5900000000000034,0.09999999999999432,1.490000000000009,1.5900000000000034,0.07586734693877553
544,2022-02-11,164.71,166.46,164.48,164.95,965.98K,0.01%,1.9800000000000182,1.5200000000000102,0.46000000000000796,1.9800000000000182,0.08102040816326542
545,2022-02-14,165.89,166.38,164.95,165.23,942.67K,0.17%,1.4300000000000068,1.4300000000000068,0.0,1.4300000000000068,0.0851020408163267
546,2022-02-15,165.44,165.53,164.42,164.54,942.12K,-0.42%,1.1100000000000136,0.30000000000001137,0.8100000000000023,1.1100000000000136,0.0856632653061227
547,2022-02-16,164.75,165.47,164.34,165.23,805.45K,0.42%,1.1299999999999955,0.9300000000000068,0.19999999999998863,1.1299999999999955,0.08760204081632675
548,2022-02-17,165.35,166.08,165.14,165.84,836.75K,0.37%,0.9400000000000261,0.8500000000000227,0.09000000000000341,0.9400000000000261,0.08831632653061254
549,2022-02-18,166.2,166.74,165.61,166.34,678.08K,0.30%,1.1299999999999955,0.9000000000000057,0.22999999999998977,1.1299999999999955,0.08790816326530636
550,2022-02-21,166.77,166.97,165.8,166.26,633.56K,-0.05%,1.1699999999999875,0.6299999999999955,0.539999999999992,1.1699999999999875,0.0893367346938778
551,2022-02-22,166.92,167.17,165.16,165.7,1.04M,-0.34%,2.009999999999991,0.9099999999999966,1.0999999999999943,2.009999999999991,0.09571428571428596
552,2022-02-23,165.65,166.17,165.39,165.99,764.91K,0.18%,0.7800000000000011,0.46999999999999886,0.3100000000000023,0.7800000000000011,0.0896428571428574
553,2022-02-24,166.18,168.01,166.01,166.93,1.19M,0.57%,2.0,2.019999999999982,0.01999999999998181,2.019999999999982,0.09341836734693894
554,2022-02-25,166.63,167.2,165.87,166.15,853.80K,-0.47%,1.329999999999984,0.2699999999999818,1.0600000000000023,1.329999999999984,0.09454081632653062
555,2022-02-28,167.03,168.0,166.25,167.04,969.08K,0.54%,1.75,1.8499999999999943,0.09999999999999432,1.8499999999999943,0.09846938775510196
556,2022-03-01,167.75,171.12,167.31,170.3,1.79M,1.95%,3.8100000000000023,4.0800000000000125,0.27000000000001023,4.0800000000000125,0.11505102040816331
557,2022-03-02,170.45,170.85,169.01,169.38,1.50M,-0.54%,1.8400000000000034,0.549999999999983,1.2900000000000205,1.8400000000000034,0.11632653061224496
558,2022-03-03,169.55,169.75,168.46,169.2,1.52M,-0.11%,1.289999999999992,0.37000000000000455,0.9199999999999875,1.289999999999992,0.11280612244897952
559,2022-03-04,169.54,171.22,169.17,170.96,926.18K,1.04%,2.0500000000000114,2.0200000000000102,0.030000000000001137,2.0500000000000114,0.11596938775510199
560,2022-03-07,171.35,171.66,169.61,169.9,155.38K,-0.62%,2.049999999999983,0.6999999999999886,1.3499999999999943,2.049999999999983,0.12076530612244876
561,2022-03-08,169.71,170.12,168.23,168.49,10.85K,-0.83%,1.8900000000000148,0.21999999999999886,1.670000000000016,1.8900000000000148,0.12464285714285704
562,2022-03-09,164.96,165.29,163.38,163.58,850.51K,-2.91%,1.9099999999999966,3.200000000000017,5.110000000000014,5.110000000000014,0.1459183673469386
563,2022-03-10,163.63,164.43,162.02,162.78,961.96K,-0.49%,2.4099999999999966,0.8499999999999943,1.5600000000000023,2.4099999999999966,0.1524489795918366
564,2022-03-11,162.94,163.2,162.01,162.44,647.56K,-0.21%,1.1899999999999977,0.4199999999999875,0.7700000000000102,1.1899999999999977,0.15255102040816312
565,2022-03-14,162.46,162.73,161.14,161.21,605.35K,-0.76%,1.5900000000000034,0.28999999999999204,1.3000000000000114,1.5900000000000034,0.15040816326530607
566,2022-03-15,161.34,162.05,160.9,161.97,617.48K,0.47%,1.1500000000000057,0.8400000000000034,0.3100000000000023,1.1500000000000057,0.1522959183673469
567,2022-03-16,161.63,161.81,160.56,161.07,690.10K,-0.56%,1.25,0.1599999999999966,1.4099999999999966,1.4099999999999966,0.14918367346938782
568,2022-03-17,161.16,161.69,160.68,161.01,715.29K,-0.04%,1.009999999999991,0.6200000000000045,0.38999999999998636,1.009999999999991,0.14755102040816334
569,2022-03-18,161.19,161.77,160.76,161.37,490.02K,0.22%,1.0100000000000193,0.7600000000000193,0.25,1.0100000000000193,0.14326530612244917
570,2022-03-21,161.26,161.34,159.77,160.3,526.10K,-0.66%,1.5699999999999932,0.030000000000001137,1.5999999999999943,1.5999999999999943,0.1306122448979593
571,2022-03-22,159.99,159.99,159.07,159.43,790.43K,-0.54%,0.9200000000000159,0.3100000000000023,1.2300000000000182,1.2300000000000182,0.1275000000000002
572,2022-03-23,159.39,160.31,159.06,159.8,656.78K,0.23%,1.25,0.8799999999999955,0.37000000000000455,1.25,0.12729591836734716
573,2022-03-24,160.05,160.26,158.73,159.26,737.86K,-0.34%,1.5300000000000011,0.45999999999997954,1.0700000000000216,1.5300000000000011,0.12464285714285732
574,2022-03-25,159.15,159.64,158.08,158.65,657.96K,-0.38%,1.5599999999999739,0.37999999999999545,1.1799999999999784,1.5599999999999739,0.12214285714285729
575,2022-03-28,158.47,158.67,157.65,158.32,694.00K,-0.21%,1.0199999999999818,0.01999999999998181,1.0,1.0199999999999818,0.11770408163265303
576,2022-03-29,158.22,158.33,156.05,157.37,916.30K,-0.60%,2.280000000000001,0.010000000000019327,2.269999999999982,2.280000000000001,0.10326530612244889
577,2022-03-30,157.53,158.06,156.37,157.16,878.66K,-0.13%,1.6899999999999977,0.6899999999999977,1.0,1.6899999999999977,0.09959183673469378
578,2022-03-31,157.04,159.05,156.9,158.66,999.82K,0.95%,2.1500000000000057,1.8900000000000148,0.2599999999999909,2.1500000000000057,0.1044897959183673
579,2022-04-01,158.55,158.89,157.71,158.35,816.14K,-0.20%,1.1799999999999784,0.22999999999998977,0.9499999999999886,1.1799999999999784,0.1023979591836733
580,2022-04-04,158.5,159.79,158.12,159.1,772.12K,0.47%,1.6699999999999875,1.4399999999999977,0.22999999999998977,1.6699999999999875,0.10505102040816298
581,2022-04-05,159.31,159.42,157.62,157.73,832.87K,-0.86%,1.799999999999983,0.3199999999999932,1.4799999999999898,1.799999999999983,0.10704081632653027
582,2022-04-06,157.76,157.78,156.84,157.24,818.43K,-0.31%,0.9399999999999977,0.05000000000001137,0.8899999999999864,0.9399999999999977,0.10668367346938745
583,2022-04-07,157.59,157.87,156.4,156.83,911.68K,-0.26%,1.4699999999999989,0.6299999999999955,0.8400000000000034,1.4699999999999989,0.10903061224489755
584,2022-04-08,157.01,157.29,156.26,156.57,648.08K,-0.17%,1.0300000000000011,0.45999999999997954,0.5700000000000216,1.0300000000000011,0.10612244897959146
585,2022-04-11,156.13,156.19,154.93,155.03,738.45K,-0.98%,1.259999999999991,0.37999999999999545,1.6399999999999864,1.6399999999999864,0.10821428571428517
586,2022-04-12,154.75,155.76,154.27,155.36,820.62K,0.21%,1.4899999999999807,0.7299999999999898,0.7599999999999909,1.4899999999999807,0.10943877551020344
587,2022-04-13,155.1,155.91,154.51,155.86,759.54K,0.32%,1.4000000000000057,0.549999999999983,0.8500000000000227,1.4000000000000057,0.10877551020408102
588,2022-04-14,155.48,156.17,154.63,154.95,814.99K,-0.58%,1.539999999999992,0.30999999999997385,1.2300000000000182,1.539999999999992,0.10867346938775457
589,2022-04-15,154.71,154.71,154.71,154.71,-,-0.15%,0.0,0.23999999999998067,0.23999999999998067,0.23999999999998067,0.10469387755101989
590,2022-04-19,154.55,154.7,153.29,153.7,753.45K,-0.65%,1.4099999999999966,0.010000000000019327,1.420000000000016,1.420000000000016,0.10030612244897914
591,2022-04-20,153.44,155.0,153.25,154.61,773.03K,0.59%,1.75,1.3000000000000114,0.44999999999998863,1.75,0.10061224489795874
592,2022-04-21,154.57,154.66,153.28,153.8,852.39K,-0.52%,1.3799999999999955,0.04999999999998295,1.3300000000000125,1.3799999999999955,0.09668367346938726
593,2022-04-22,153.47,153.92,153.05,153.25,732.99K,-0.36%,0.8699999999999761,0.11999999999997613,0.75,0.8699999999999761,0.09510204081632602
594,2022-04-25,153.14,155.26,153.11,154.89,814.83K,1.07%,2.1499999999999773,2.009999999999991,0.13999999999998636,2.1499999999999773,0.0975510204081627
595,2022-04-26,154.56,155.72,154.19,155.49,-,0.39%,1.5300000000000011,0.8300000000000125,0.6999999999999886,1.5300000000000011,0.09617346938775463
596,2022-04-27,155.45,155.83,154.82,155.46,779.88K,-0.02%,1.0100000000000193,0.3400000000000034,0.6700000000000159,1.0100000000000193,0.0965306122448976
597,2022-04-28,155.35,156.0,154.02,154.15,961.40K,-0.84%,1.9799999999999898,0.539999999999992,1.4399999999999977,1.9799999999999898,0.0991326530612241
598,2022-04-29,154.44,154.69,153.43,153.59,979.01K,-0.36%,1.259999999999991,0.539999999999992,0.7199999999999989,1.259999999999991,0.10030612244897914
599,2022-05-02,153.61,154.19,153.23,153.49,421.18K,-0.07%,0.960000000000008,0.5999999999999943,0.36000000000001364,0.960000000000008,0.09683673469387721
600,2022-05-03,153.34,154.1,152.66,153.67,759.38K,0.12%,1.4399999999999977,0.6099999999999852,0.8300000000000125,1.4399999999999977,0.09658163265306097
601,2022-05-04,152.86,153.73,152.44,153.18,672.88K,-0.32%,1.289999999999992,0.060000000000002274,1.2299999999999898,1.289999999999992,0.09602040816326497
602,2022-05-05,153.6,154.18,152.15,152.55,970.86K,-0.41%,2.030000000000001,1.0,1.0300000000000011,2.030000000000001,0.09852040816326503
603,2022-05-06,152.55,152.74,150.81,150.94,901.94K,-1.06%,1.9300000000000068,0.18999999999999773,1.740000000000009,1.9300000000000068,0.107142857142857
604,2022-05-09,151.01,152.01,150.49,151.74,778.27K,0.53%,1.5199999999999818,1.0699999999999932,0.44999999999998863,1.5199999999999818,0.10765306122448948
605,2022-05-10,151.93,153.17,151.5,152.95,787.78K,0.80%,1.6699999999999875,1.4299999999999784,0.2400000000000091,1.6699999999999875,0.10724489795918328
606,2022-05-11,152.64,153.86,151.87,152.91,1.02M,-0.03%,1.990000000000009,0.910000000000025,1.079999999999984,1.990000000000009,0.11035714285714256
607,2022-05-12,153.85,155.33,153.61,154.76,1.06M,1.21%,1.7199999999999989,2.420000000000016,0.700000000000017,2.420000000000016,0.11826530612244887
608,2022-05-13,155.06,155.12,153.65,153.76,653.54K,-0.65%,1.4699999999999989,0.36000000000001364,1.1099999999999852,1.4699999999999989,0.11479591836734694
